,champ0,champ1,champ2,champ3,champ4,champ5,champ6,champ7,champ8,champ9,win
0,240,29,63,64,1,24,238,432,51,17,True
1,54,99,236,107,238,25,96,103,62,92,False
2,222,63,24,150,238,41,5,53,61,51,False
3,21,99,103,122,141,25,59,85,112,15,False
4,143,96,157,134,50,35,150,110,61,40,True
5,254,497,15,163,126,412,24,50,81,19,False
6,69,64,126,29,53,40,41,61,119,102,True
7,91,57,67,16,28,5,18,58,40,268,True
8,14,498,121,497,55,33,39,412,238,222,False
9,4,77,12,22,80,79,62,267,84,29,True
10,81,19,21,63,86,106,103,18,240,57,False
11,201,4,238,64,222,67,9,104,101,23,False
12,14,55,18,114,141,157,245,236,9,223,False
13,29,79,432,127,420,115,51,86,5,16,False
14,19,75,99,45,67,103,41,201,429,32,False
15,11,105,92,89,96,157,420,12,67,24,False
16,75,238,31,18,143,497,24,498,59,1,True
17,26,112,18,20,126,161,59,23,412,15,False
18,6,5,245,236,267,498,44,19,55,86,False
19,21,25,33,45,27,24,161,67,201,19,True
20,101,58,51,19,40,99,86,11,1,21,True
21,34,14,53,18,19,16,134,29,58,79,False
22,1,110,113,201,80,412,29,99,75,141,True
23,202,113,157,63,57,92,38,35,59,15,True
24,79,37,96,516,134,38,157,99,67,24,False
25,412,161,18,32,8,54,15,154,238,63,True
26,29,63,75,1,164,99,516,96,19,12,True
27,55,19,53,67,77,201,120,202,48,38,True
28,238,31,99,22,59,516,67,117,75,90,False
29,51,412,18,84,77,59,20,53,81,39,True
30,48,29,43,53,19,18,101,5,117,122,False
31,64,18,62,98,45,412,57,21,69,103,False
32,64,19,498,57,99,113,103,29,17,412,True
33,25,102,15,103,17,516,32,245,40,96,True
34,18,41,25,154,38,96,105,40,64,75,True
35,20,53,133,81,157,102,18,117,236,40,False
36,245,99,498,120,3,267,103,18,59,60,False
37,157,99,105,516,81,37,19,21,17,63,False
38,420,432,67,28,91,40,238,120,51,74,False
39,31,89,161,18,92,38,81,141,420,412,True
40,96,238,57,53,79,120,69,267,67,6,True
41,64,43,18,10,78,119,497,115,141,39,False
42,202,11,1,150,41,236,40,67,58,79,False
43,31,4,11,18,22,110,150,63,113,91,True
44,91,60,23,119,53,267,42,15,11,105,True
45,19,150,99,51,223,96,25,121,161,31,True
46,103,110,254,432,75,44,114,121,222,41,False
47,16,80,222,4,427,17,77,29,238,432,False
48,57,222,13,24,40,59,115,15,412,98,True
49,222,76,13,91,53,78,161,22,516,141,False
50,64,18,20,99,16,412,498,79,45,32,True
51,99,23,432,29,5,267,120,498,17,38,True
52,112,117,67,75,141,43,127,29,22,98,False
53,202,30,89,75,5,45,14,92,79,67,False
54,43,8,157,18,113,29,120,238,58,267,True
55,67,57,26,121,201,31,53,21,245,39,True
56,58,35,40,18,34,163,29,203,412,12,False
57,202,23,141,267,134,222,25,143,58,64,True
58,41,18,5,35,516,22,59,99,14,7,False
59,89,34,17,32,18,202,56,157,68,40,True
60,50,75,201,29,11,19,27,51,89,103,True
61,412,498,141,5,238,91,79,110,41,53,False
62,85,164,121,29,267,44,516,112,62,96,False
63,9,113,105,150,18,86,157,154,96,412,False
64,157,240,29,1,35,120,99,238,14,222,False
65,134,99,85,254,110,117,31,105,121,18,False
66,8,68,56,22,89,222,59,24,112,43,True
67,238,29,10,57,222,236,133,92,25,61,True
68,113,4,16,84,222,121,105,114,37,67,True
69,412,15,157,42,11,20,37,17,79,18,False
70,238,82,122,21,37,99,79,54,157,222,True
71,245,96,120,111,55,84,24,16,119,75,False
72,99,19,15,105,80,57,36,79,29,412,False
73,98,136,11,110,59,105,141,29,20,92,True
74,17,105,42,11,14,27,45,141,18,412,False
75,63,497,59,77,18,236,92,28,99,40,False
76,429,238,17,141,53,59,91,121,40,21,False
77,57,22,133,74,81,222,50,111,5,113,False
78,25,33,18,150,38,245,31,412,22,59,False
79,91,75,236,245,412,267,41,115,18,23,False
80,122,96,40,19,69,157,50,102,412,498,False
81,150,81,22,60,432,25,254,29,245,10,False
82,141,40,8,157,236,21,38,117,121,92,True
83,103,111,222,57,133,23,16,29,64,105,False
84,11,412,51,157,150,36,25,121,40,202,False
85,202,17,7,11,111,64,18,40,122,1,True
86,77,245,99,8,119,12,22,134,516,19,True
87,6,44,29,254,69,96,497,28,236,85,False
88,412,80,37,60,21,238,27,104,498,432,False
89,105,26,96,133,64,9,202,23,74,25,False
90,89,429,102,42,58,2,1,141,67,111,False
91,222,58,245,57,223,201,99,81,59,6,False
92,41,55,143,64,18,236,51,16,98,9,False
93,92,105,117,29,20,96,106,8,16,86,False
94,4,16,92,236,60,63,222,17,201,254,False
95,78,2,45,86,202,103,54,106,498,25,True
96,43,99,96,57,102,202,110,267,106,141,False
97,29,26,122,11,43,56,202,115,12,58,False
98,421,497,22,101,92,119,164,12,163,121,True
99,77,122,74,119,12,92,497,38,59,222,False
100,51,143,50,19,420,516,202,37,163,107,True
101,163,412,9,83,22,29,117,99,64,24,False
102,104,83,134,16,18,412,22,59,90,106,True
103,202,134,85,86,32,266,254,21,25,40,True
104,14,497,18,91,59,37,3,67,121,79,True
105,122,81,117,90,201,53,164,222,31,1,True
106,89,67,113,136,10,50,91,29,412,102,False
107,17,40,110,57,30,117,92,59,67,61,False
108,15,19,58,245,143,82,38,236,497,11,True
109,96,105,10,421,98,516,102,498,12,45,False
110,150,67,201,11,157,48,90,429,412,106,False
111,82,48,245,22,516,51,163,412,33,24,False
112,59,114,105,141,15,18,412,4,104,48,True
113,21,59,117,75,245,6,7,412,62,18,False
114,141,53,498,91,79,17,119,11,34,80,False
115,79,40,15,245,157,10,222,412,24,28,True
116,23,61,98,22,28,76,18,412,54,240,False
117,202,127,141,43,157,75,37,113,238,51,False
118,99,245,17,19,15,21,86,53,77,25,False
119,56,111,57,67,103,58,8,412,110,141,False
120,114,121,16,42,67,131,222,516,107,412,True
121,19,429,12,58,61,516,1,18,141,99,True
122,61,421,67,19,53,63,75,412,111,23,True
123,45,113,202,54,157,121,267,96,98,245,False
124,78,22,245,113,120,157,161,429,412,23,False
125,432,134,24,23,22,222,92,105,1,50,False
126,31,119,1,122,412,25,157,516,60,236,False
127,55,17,32,21,37,14,114,74,64,18,True
128,57,16,48,134,67,115,18,98,24,432,True
129,58,498,497,134,77,516,412,104,121,110,True
130,133,62,34,40,18,222,267,64,75,90,True
131,113,84,81,58,412,4,432,27,498,141,False
132,92,432,69,81,19,79,29,412,61,78,True
133,202,245,89,12,254,25,5,157,17,22,True
134,30,103,41,31,222,133,40,6,157,120,True
135,16,101,24,498,141,113,43,67,134,92,True
136,245,201,51,62,24,98,103,21,11,25,False
137,64,75,4,267,29,12,236,161,60,24,False
138,222,201,104,69,23,99,90,64,110,412,False
139,157,85,19,18,201,24,61,21,45,25,False
140,141,432,114,103,498,75,29,134,30,64,True
141,16,34,110,33,157,27,96,117,238,141,False
142,222,141,236,157,432,40,86,56,21,13,False
143,9,74,3,37,22,32,51,53,164,63,True
144,4,40,80,11,110,67,103,131,59,75,True
145,18,157,111,24,74,25,29,56,91,86,False
146,85,222,24,412,15,92,102,429,37,11,True
147,53,18,157,8,19,37,222,68,92,516,True
148,113,245,89,14,236,81,40,58,141,34,False
149,68,62,117,134,18,78,136,92,498,99,False
150,254,53,29,115,39,16,45,236,122,64,True
151,115,157,267,222,14,36,28,40,51,84,False
152,429,141,412,238,236,17,39,101,133,28,True
153,89,223,236,113,61,4,76,29,201,27,True
154,111,41,105,18,102,51,33,75,44,99,True
155,76,103,16,67,86,38,516,64,238,163,True
156,122,223,498,497,13,201,18,102,157,90,False
157,79,55,29,58,25,91,32,16,67,36,False
158,53,41,498,102,91,412,62,51,245,115,True
159,33,111,98,103,81,19,12,157,80,117,True
160,53,222,11,61,35,163,21,36,32,40,True
161,29,26,48,240,82,77,91,68,21,267,False
162,141,30,105,51,16,222,89,62,5,43,False
163,240,57,81,105,254,102,45,236,111,150,True
164,236,8,22,412,57,25,90,98,51,141,True
165,40,141,98,8,236,222,99,16,5,516,True
166,112,154,10,236,40,67,53,45,59,68,True
167,29,57,37,79,157,91,44,28,75,18,True
168,222,11,85,238,44,111,84,102,24,51,False
169,18,99,54,412,59,40,13,141,21,78,True
170,21,3,37,59,427,85,120,18,157,161,True
171,222,102,267,161,122,254,98,429,90,19,True
172,4,27,121,498,17,267,79,54,14,18,True
173,32,18,131,31,497,28,420,498,12,92,True
174,7,83,24,202,150,117,1,427,86,67,True
175,51,31,154,115,12,44,84,141,10,67,True
176,150,89,119,19,236,117,84,80,18,113,False
177,61,420,421,222,432,22,412,85,254,99,True
178,16,120,69,86,18,40,22,59,202,105,False
179,17,15,11,516,45,497,25,83,102,18,False
180,67,117,75,69,141,9,157,61,222,497,False
181,67,53,19,31,90,44,4,29,76,86,True
182,141,150,103,29,432,24,8,18,126,40,True
183,163,19,201,498,111,157,53,67,59,27,False
184,113,57,90,143,202,67,412,78,134,92,False
185,44,42,238,33,164,24,15,115,141,201,False
186,38,104,78,51,267,86,103,113,40,18,False
187,110,92,412,107,55,89,157,121,21,84,False
188,4,131,86,110,25,17,150,120,89,30,False
189,45,10,81,64,223,92,111,121,112,18,False
190,92,89,22,154,99,115,31,51,37,516,True
191,497,238,131,18,102,236,133,31,412,122,True
192,18,92,267,19,245,69,141,24,96,40,False
193,427,238,25,202,80,84,122,51,19,14,True
194,22,16,34,11,75,58,106,21,516,99,False
195,37,41,84,79,18,61,23,59,16,222,True
196,10,141,427,90,18,432,161,5,110,59,True
197,45,18,412,36,150,59,61,5,429,40,True
198,37,202,32,24,99,412,240,67,5,45,False
199,79,236,115,40,157,98,11,143,222,7,False
200,90,26,24,19,96,92,50,67,20,53,True
201,59,18,57,40,84,48,111,121,29,55,True
202,75,37,21,11,268,6,22,117,64,131,False
203,12,516,18,154,1,6,201,222,103,19,False
204,119,75,89,107,63,41,99,110,516,13,True
205,24,77,498,201,238,121,245,119,12,86,False
206,96,59,38,25,516,133,69,79,40,29,False
207,79,412,119,131,164,516,91,121,67,40,True
208,157,126,120,25,222,106,45,58,67,38,True
209,154,105,81,86,143,110,412,266,69,5,True
210,13,28,58,222,412,236,110,24,16,113,True
211,126,119,117,3,254,35,103,143,92,18,False
212,48,1,24,61,81,21,64,268,54,53,True
213,201,141,498,420,134,80,157,222,412,19,False
214,154,48,15,267,238,44,84,498,92,77,False
215,11,164,8,117,222,26,69,99,236,31,True
216,18,19,16,23,38,106,34,2,432,119,False
217,25,420,236,141,103,91,20,150,29,44,True
218,245,29,23,16,35,141,17,412,222,55,False
219,18,91,19,99,126,58,245,120,81,516,True
220,61,98,76,266,18,202,412,141,23,238,True
221,21,7,28,157,412,25,238,84,222,11,True
222,22,117,92,61,59,141,99,79,16,115,True
223,267,67,113,103,80,44,102,38,92,119,False
224,119,497,92,64,115,101,21,114,76,412,False
225,157,17,421,110,412,238,497,15,141,61,True
226,254,164,37,61,29,110,53,157,62,101,True
227,240,157,81,11,59,119,99,55,24,5,False
228,121,157,4,40,222,202,136,432,120,150,True
229,64,92,90,22,412,61,420,154,21,267,True
230,74,154,21,99,516,86,222,412,19,43,False
231,121,133,61,43,119,18,245,105,36,34,False
232,223,17,119,63,4,8,498,412,24,106,True
233,53,107,75,29,3,30,83,89,59,236,False
234,18,58,89,57,103,64,105,37,67,102,True
235,238,19,236,150,117,75,201,254,202,8,False
236,75,119,40,90,33,57,245,236,24,201,False
237,1,63,516,11,110,254,25,498,115,45,True
238,67,53,45,421,19,90,157,201,429,32,False
239,141,69,67,23,53,126,31,222,26,91,False
240,59,122,61,18,412,67,33,163,89,96,True
241,63,29,55,254,92,82,35,497,67,141,True
242,164,40,59,18,103,63,26,236,28,62,True
243,24,67,34,516,53,45,23,119,27,64,True
244,202,115,60,143,83,236,133,99,122,105,False
245,23,131,37,18,89,111,99,67,267,64,False
246,2,67,102,236,1,134,17,111,21,79,False
247,202,63,223,11,31,131,86,44,245,119,False
248,119,40,61,35,78,23,22,4,201,141,False
249,141,58,69,236,40,268,498,64,202,50,False
250,18,157,19,14,53,23,25,15,98,105,False
251,202,81,99,40,98,77,26,63,31,22,False
252,516,5,43,222,45,89,1,67,122,113,True
253,5,99,57,202,412,43,516,37,18,141,False
254,90,25,202,141,120,412,22,75,102,30,True
255,119,37,24,516,4,79,112,432,56,21,False
256,121,67,267,126,61,161,64,16,10,81,False
257,201,164,120,67,245,16,22,112,11,58,True
258,516,41,26,498,32,29,56,236,99,92,True
259,19,53,134,62,22,48,51,84,157,24,True
260,222,33,99,203,238,117,103,29,122,498,True
261,18,23,117,57,45,96,98,69,36,412,True
262,267,12,498,105,2,240,238,22,161,113,True
263,5,86,17,63,67,29,12,24,101,27,False
264,516,157,86,67,432,82,89,59,254,26,True
265,57,21,86,238,60,99,59,98,202,516,True
266,67,37,19,114,115,57,113,12,157,51,False
267,141,37,84,58,67,29,164,44,103,57,False
268,121,18,90,17,53,63,1,157,76,29,True
269,16,81,54,80,245,161,58,51,40,64,True
270,1,157,141,143,67,110,432,64,92,69,True
271,41,222,53,79,76,6,141,16,236,45,True
272,24,90,222,55,98,31,131,57,37,51,True
273,61,102,432,119,59,75,22,107,25,38,True
274,18,101,64,92,89,25,17,238,421,22,True
275,12,127,122,21,19,16,6,76,67,115,False
276,17,34,222,267,23,141,15,40,157,90,True
277,103,50,202,19,40,67,412,86,33,161,True
278,497,57,498,24,8,40,67,79,134,51,True
279,516,117,19,18,238,15,24,267,55,154,True
280,68,498,432,35,85,12,121,91,17,22,False
281,11,80,22,75,89,40,29,98,45,113,True
282,6,254,222,40,1,4,25,236,79,240,True
283,54,81,92,59,432,12,154,150,238,202,True
284,37,498,55,86,107,11,245,240,429,111,False
285,32,112,67,40,17,117,96,84,8,56,False
286,63,429,48,19,105,90,266,92,99,22,True
287,115,12,5,92,18,79,50,222,101,16,False
288,8,222,117,92,57,38,18,412,64,39,False
289,498,37,79,238,150,245,10,113,81,45,False
290,43,29,33,115,85,61,59,223,67,412,False
291,161,91,67,113,99,222,79,117,101,78,True
292,157,40,126,202,31,238,32,122,22,267,True
293,41,236,64,497,4,126,67,30,111,412,True
294,202,63,3,267,64,36,21,58,61,85,False
295,44,96,236,76,24,85,81,141,516,8,True
296,43,86,31,119,38,202,50,120,84,412,True
297,105,75,23,222,16,420,21,141,99,89,True
298,79,41,81,37,7,4,12,8,154,96,False
299,150,103,236,161,154,113,238,92,202,63,True
300,18,412,1,64,516,38,17,25,59,22,True
301,105,2,53,202,64,40,35,114,115,67,False
302,63,84,238,111,126,19,110,61,157,141,False
303,57,15,43,4,27,96,267,3,19,50,False
304,412,41,79,51,75,11,103,222,516,58,True
305,23,498,99,141,37,163,35,150,96,26,True
306,111,164,29,84,33,89,86,55,28,119,True
307,120,22,45,10,12,27,245,29,117,266,False
308,64,99,96,7,23,77,412,236,238,57,False
309,72,37,69,59,18,27,91,57,29,141,True
310,119,69,19,111,432,498,497,3,113,157,False
311,202,37,113,38,240,14,15,126,12,79,False
312,222,103,59,64,267,89,136,81,62,79,True
313,103,3,45,21,106,102,24,18,223,63,False
314,23,51,90,516,12,412,11,163,67,24,True
315,115,17,2,22,25,6,117,427,245,429,False
316,34,40,150,15,79,119,36,103,516,412,True
317,90,39,120,236,1,14,29,103,43,126,True
318,16,141,420,22,1,245,32,202,99,122,True
319,120,157,412,29,126,119,240,53,69,76,False
320,53,67,31,38,35,54,86,18,30,25,True
321,40,516,102,61,21,79,27,4,222,117,False
322,21,43,64,103,420,238,113,62,16,222,False
323,21,19,99,163,131,45,121,412,29,14,True
324,14,238,432,11,51,18,112,33,16,86,False
325,3,238,497,131,102,254,516,18,82,31,True
326,106,114,131,223,429,154,51,55,37,75,False
327,24,55,4,79,22,236,141,43,31,99,True
328,201,81,64,420,236,18,40,245,79,58,False
329,141,222,126,238,44,203,18,80,201,5,False
330,238,3,110,24,122,75,516,412,39,222,True
331,12,236,17,120,516,84,113,91,412,18,False
332,21,157,104,53,58,63,122,32,51,42,True
333,63,421,51,75,16,32,222,161,432,85,False
334,119,92,4,64,37,38,201,222,121,41,False
335,18,37,134,106,24,59,121,40,4,96,True
336,79,34,40,96,98,18,86,267,112,121,True
337,121,31,96,58,40,120,13,67,37,41,True
338,5,41,67,143,55,63,267,114,24,429,True
339,12,141,245,21,91,115,29,53,57,31,True
340,15,75,56,238,63,498,101,104,25,59,True
341,35,37,51,141,134,11,266,412,101,498,True
342,11,25,7,114,236,81,134,5,201,110,True
343,412,23,222,110,10,86,11,37,21,245,False
344,64,122,498,45,412,40,222,90,24,150,False
345,141,222,45,122,16,84,64,29,126,497,False
346,121,22,238,41,57,103,223,18,40,106,False
347,29,154,61,41,16,412,157,114,19,222,True
348,134,98,11,45,67,61,75,107,40,18,False
349,61,86,28,5,18,141,497,498,27,45,True
350,157,51,117,67,5,17,103,77,16,202,False
351,59,432,39,114,67,164,202,35,516,9,False
352,412,498,154,238,17,67,245,64,106,89,False
353,104,516,90,15,27,54,59,51,61,412,True
354,133,33,45,37,18,143,236,412,154,157,True
355,59,16,240,134,222,21,5,105,75,117,False
356,17,122,245,429,497,111,202,516,1,113,True
357,6,238,202,254,37,91,68,412,64,15,True
358,84,37,79,103,81,67,57,36,40,105,False
359,131,157,222,122,40,21,245,412,64,161,True
360,141,236,115,59,117,19,157,84,202,497,True
361,516,48,102,119,101,37,27,51,80,5,False
362,121,40,3,67,1,29,37,150,103,64,False
363,236,143,92,42,254,102,15,78,1,122,False
364,64,22,89,13,86,267,36,126,18,102,False
365,17,34,102,429,412,267,268,67,24,86,True
366,57,12,21,55,122,31,3,16,222,141,True
367,105,102,67,238,25,110,60,84,53,58,False
368,154,23,236,201,103,157,11,111,54,18,False
369,59,102,67,105,39,18,53,85,157,57,False
370,51,157,25,64,92,161,89,429,24,104,False
371,25,98,141,429,238,67,516,122,60,134,True
372,131,236,40,75,4,98,161,43,67,59,True
373,412,75,119,106,25,497,157,40,18,1,True
374,157,41,35,143,29,222,37,84,14,11,True
375,61,51,44,33,57,110,78,201,11,69,True
376,245,41,18,19,516,25,99,150,67,11,False
377,164,131,53,157,222,18,432,115,58,4,True
378,1,77,67,114,4,157,63,202,60,105,True
379,99,236,432,64,141,21,78,115,37,121,False
380,107,202,24,201,55,99,75,412,21,254,True
381,141,236,16,90,245,40,61,62,67,3,True
382,32,55,89,24,222,41,15,106,48,99,True
383,117,4,75,141,29,498,24,421,99,12,False
384,164,59,141,12,18,103,432,23,64,222,True
385,60,240,31,22,432,18,114,64,163,412,False
386,59,23,111,222,245,96,80,117,26,516,True
387,81,10,85,19,157,134,141,412,498,17,False
388,150,516,77,25,29,51,157,427,99,31,True
389,64,202,42,90,92,75,105,117,498,141,False
390,141,58,161,119,44,8,67,14,11,38,True
391,112,16,67,11,58,92,40,55,29,36,True
392,412,236,75,102,90,25,110,420,117,106,True
393,150,163,53,29,121,105,60,67,16,157,False
394,77,126,236,7,37,75,21,44,92,238,False
395,122,22,115,79,117,103,16,24,113,18,False
396,50,18,267,3,36,19,96,23,131,117,False
397,96,90,64,48,201,99,516,11,136,21,False
398,86,26,141,84,29,22,238,412,105,59,True
399,516,2,42,201,67,57,154,40,18,1,False
400,37,113,103,24,236,254,202,245,58,432,False
401,85,43,61,236,141,19,222,99,267,68,False
402,14,43,51,42,516,21,8,238,63,59,False
403,63,24,11,55,81,157,143,19,31,29,True
404,103,236,57,240,44,8,121,40,96,1,True
405,53,121,157,122,498,84,36,236,40,75,True
406,48,497,34,498,79,20,51,126,85,38,True
407,429,141,13,117,6,40,34,92,19,236,False
408,202,86,63,102,40,432,45,64,14,429,True
409,53,90,36,236,27,75,96,107,412,41,True
410,117,34,266,222,57,86,1,498,113,267,False
411,21,76,201,157,245,11,54,63,90,22,False
412,119,150,12,61,5,25,79,163,516,18,True
413,141,103,498,201,39,134,62,67,157,111,False
414,238,21,24,92,37,53,29,1,23,19,True
415,64,150,25,67,99,119,75,106,91,127,False
416,69,240,11,18,12,15,154,53,34,48,True
417,412,420,99,96,113,102,89,21,23,84,False
418,57,238,12,50,222,236,111,60,150,101,True
419,23,58,516,498,143,157,24,89,55,19,True
420,40,96,4,154,80,58,412,29,61,254,True
421,44,17,103,51,24,11,131,201,222,516,True
422,61,54,33,267,202,102,497,432,51,86,True
423,31,59,103,498,62,41,53,4,254,29,True
424,143,29,76,103,420,9,59,69,23,96,True
425,236,107,1,31,8,7,10,80,37,498,True
426,497,420,39,51,38,57,222,53,75,157,False
427,82,57,40,115,18,119,84,105,64,37,True
428,91,83,121,201,29,412,61,202,120,150,True
429,43,19,222,16,92,498,89,24,59,127,True
430,64,82,53,10,202,30,67,58,412,29,True
431,59,157,236,84,25,117,516,67,64,1,False
432,412,67,59,131,27,105,157,16,81,62,True
433,53,104,24,21,245,91,150,412,29,79,False
434,89,1,15,102,24,74,18,113,16,131,False
435,62,24,55,17,21,18,4,267,64,6,True
436,102,86,112,51,37,420,119,8,1,77,True
437,245,59,18,53,57,113,63,110,120,92,False
438,8,59,53,92,429,96,33,58,16,157,True
439,12,268,19,429,32,141,498,134,6,412,False
440,57,81,37,5,131,412,254,421,222,157,False
441,83,44,104,24,29,157,267,141,222,11,True
442,245,107,267,164,22,53,33,78,29,90,False
443,117,59,157,79,96,222,412,121,31,238,False
444,427,141,22,90,53,432,55,122,236,106,False
445,37,15,79,92,238,131,110,59,164,16,False
446,117,67,105,79,59,119,38,92,19,267,False
447,61,25,96,41,64,57,516,45,236,202,True
448,64,268,201,122,15,18,39,19,115,35,False
449,114,238,1,33,110,91,24,267,150,18,True
450,59,3,79,53,119,236,51,11,24,111,True
451,59,58,61,497,498,48,34,51,16,19,True
452,37,86,222,141,1,60,7,498,40,23,True
453,122,117,45,31,18,498,141,420,61,37,True
454,37,45,79,157,202,22,1,19,36,412,False
455,222,63,103,39,57,79,236,48,412,6,True
456,80,19,22,497,45,15,25,9,24,7,True
457,61,40,154,21,59,60,62,18,53,103,False
458,40,420,254,163,202,55,23,18,59,89,True
459,21,37,74,6,28,99,1,51,79,64,False
460,11,67,57,267,236,4,254,412,119,75,True
461,59,141,61,57,18,22,64,133,74,497,False
462,102,412,24,42,13,40,134,498,91,19,False
463,420,34,119,19,133,62,84,222,266,89,False
464,56,29,157,103,117,412,84,126,236,141,True
465,429,32,68,42,16,13,62,63,119,141,True
466,497,429,48,58,8,18,75,498,43,19,True
467,67,12,113,75,161,112,202,412,107,141,True
468,131,222,60,72,40,25,18,420,8,141,False
469,18,40,141,24,115,498,37,150,20,61,True
470,79,429,120,30,223,82,412,18,238,121,False
471,21,143,59,17,55,51,61,24,40,41,True
472,45,19,81,17,412,141,1,222,163,53,True
473,64,516,103,89,51,222,80,141,50,25,True
474,432,19,21,163,238,105,17,89,222,28,True
475,67,57,19,223,91,34,120,222,37,238,False
476,16,112,64,36,67,86,29,90,25,57,True
477,157,16,163,222,121,60,90,59,44,96,False
478,143,19,67,74,497,105,498,17,112,33,True
479,96,412,81,26,157,61,105,110,89,64,False
480,516,105,81,75,412,63,17,110,112,121,True
481,28,238,58,429,37,17,18,40,55,254,False
482,59,85,28,111,222,24,112,21,89,86,True
483,238,164,29,266,412,18,267,102,23,90,False
484,53,98,105,28,67,114,89,161,64,222,True
485,121,17,161,29,497,63,23,19,67,1,True
486,29,3,1,11,516,77,31,69,89,119,True
487,120,18,99,68,14,240,31,21,89,238,False
488,17,37,50,36,18,429,54,19,40,41,False
489,222,254,111,17,55,90,64,117,236,240,True
490,17,131,62,44,202,236,99,141,134,86,False
491,79,516,236,105,37,40,141,17,103,81,False
492,90,6,44,33,21,157,268,236,111,60,False
493,202,143,90,104,150,201,222,45,24,59,False
494,63,22,17,20,57,141,161,3,23,18,False
495,18,27,134,62,516,122,72,40,161,96,False
496,150,1,89,498,24,59,58,201,61,15,True
497,61,266,516,16,15,92,117,67,24,143,False
498,14,25,141,498,497,267,238,113,51,1,True
499,429,114,143,34,35,103,516,119,80,432,True
500,157,12,48,29,90,19,15,67,432,31,True
501,24,18,92,33,115,99,202,412,516,57,True
502,29,4,60,267,516,432,238,126,18,76,True
503,36,79,29,42,14,17,61,5,58,202,False
504,254,25,202,36,91,92,117,61,77,67,False
505,19,23,12,45,498,90,53,164,22,80,False
506,19,10,133,90,240,63,3,64,40,22,False
507,79,96,117,157,67,59,51,103,3,41,True
508,245,98,45,21,102,150,64,202,40,238,False
509,238,99,17,89,5,21,3,122,203,90,False
510,79,201,23,236,61,53,29,157,150,81,True
511,18,81,12,62,27,154,498,84,201,126,True
512,53,41,61,236,203,25,2,103,121,21,False
513,412,64,202,3,90,114,34,498,48,516,False
514,122,42,81,19,40,50,133,103,412,20,False
515,64,56,81,5,432,99,202,91,23,131,True
516,5,161,67,157,89,37,21,102,58,115,True
517,120,45,157,69,51,81,267,6,113,112,True
518,134,111,64,6,18,34,89,2,41,81,False
519,5,67,40,420,34,131,236,497,157,106,False
520,268,117,141,516,202,67,76,79,78,86,True
521,16,85,67,64,91,115,78,23,29,17,False
522,106,85,18,16,41,202,64,412,57,103,True
523,1,19,11,18,25,45,23,3,4,202,True
524,90,27,63,19,104,67,57,164,134,117,False
525,121,78,223,21,157,202,99,25,106,62,True
526,154,1,25,133,22,96,412,63,64,54,False
527,25,64,45,57,222,90,150,32,1,21,True
528,68,245,106,29,63,267,75,62,105,18,True
529,202,31,90,79,143,412,154,69,67,58,False
530,32,1,80,81,12,48,103,67,117,141,False
531,202,17,91,57,86,92,69,31,412,18,False
532,99,154,67,40,27,11,2,96,16,268,True
533,202,86,45,89,141,54,29,157,117,103,True
534,37,21,111,61,67,58,201,96,10,50,False
535,21,1,141,236,98,81,432,61,254,157,True
536,29,102,39,53,238,17,67,99,157,141,True
537,29,115,24,57,40,27,19,143,161,498,False
538,24,40,55,18,80,51,26,56,63,75,True
539,16,45,96,19,75,58,90,21,79,267,True
540,18,32,4,40,64,33,267,67,133,8,False
541,26,114,141,245,67,163,497,498,11,58,True
542,115,114,111,121,81,29,5,101,75,44,True
543,25,39,67,74,11,111,21,75,115,33,False
544,37,51,24,61,33,103,2,86,67,117,True
545,105,16,54,29,4,67,136,63,11,80,False
546,161,85,121,61,67,38,5,18,23,1,True
547,33,516,115,119,44,121,37,13,31,202,False
548,59,53,48,163,222,101,516,12,202,11,True
549,37,202,141,64,161,117,53,77,21,17,True
550,19,122,161,110,67,150,223,18,34,36,False
551,238,23,16,18,203,38,498,89,39,19,True
552,516,21,99,16,33,202,238,106,80,143,False
553,25,99,41,119,9,254,111,202,30,150,False
554,25,51,23,34,56,105,111,202,57,58,True
555,89,113,115,67,122,105,35,21,516,223,True
556,236,89,59,238,141,61,106,58,37,18,True
557,21,98,267,61,19,11,42,110,23,40,True
558,21,32,25,27,103,498,99,79,412,19,True
559,161,41,157,29,79,16,22,114,63,102,True
560,122,67,10,43,3,412,34,105,18,121,True
561,9,412,18,75,13,112,58,29,40,131,False
562,18,134,201,11,54,53,20,48,69,22,True
563,89,67,203,79,99,38,119,58,5,497,True
564,141,85,53,21,31,245,157,117,516,96,False
565,18,19,69,44,126,40,11,91,1,21,False
566,1,53,141,22,32,254,18,25,79,497,False
567,141,31,27,44,29,111,22,89,157,19,True
568,53,24,1,119,14,222,23,45,497,64,True
569,81,104,497,429,516,90,113,99,18,54,False
570,29,6,11,223,157,33,412,8,18,90,False
571,4,111,498,57,141,236,92,32,43,41,True
572,122,92,4,236,37,40,110,245,80,5,True
573,18,24,48,143,99,245,16,23,113,22,False
574,266,429,412,157,17,92,136,96,45,102,True
575,126,18,61,79,90,238,421,26,10,21,True
576,516,24,498,26,45,56,58,85,22,44,False
577,42,9,89,48,86,78,11,53,67,112,True
578,99,62,516,11,498,141,53,29,4,17,False
579,21,89,34,11,111,75,236,79,13,497,False
580,122,161,2,89,119,59,29,141,267,112,True
581,110,150,112,143,141,254,498,497,516,55,False
582,43,141,150,29,131,22,103,28,58,111,True
583,141,38,22,16,62,14,24,57,238,15,True
584,420,81,76,432,112,163,16,121,67,92,True
585,29,238,68,40,121,75,53,131,157,202,True
586,222,31,106,90,412,48,82,67,40,115,False
587,61,113,53,6,29,18,497,99,64,126,True
588,51,104,92,55,16,43,110,13,150,19,False
589,53,61,59,18,86,67,516,60,16,34,True
590,222,150,8,141,267,37,19,21,126,157,False
591,420,18,267,57,81,157,14,19,236,25,True
592,19,150,45,18,16,11,99,75,40,22,False
593,267,25,119,35,75,17,236,89,24,245,False
594,113,114,79,202,157,119,92,134,89,420,False
595,79,67,35,86,412,126,54,157,498,40,False
596,126,91,9,99,67,18,61,58,154,40,True
597,498,31,89,86,79,58,61,497,236,19,True
598,2,51,412,115,31,19,15,53,18,240,False
599,22,2,58,131,89,40,57,236,5,4,True
600,103,236,98,14,28,412,222,5,23,238,True
601,33,44,18,103,86,75,89,119,81,154,True
602,51,201,90,104,58,91,113,59,236,81,False
603,114,89,222,1,29,141,63,40,22,80,False
604,59,40,15,90,56,201,19,14,18,112,False
605,81,90,23,17,99,29,11,45,150,12,False
606,17,4,104,119,16,111,29,24,103,54,False
607,98,421,202,4,16,26,498,58,8,19,True
608,3,25,59,51,92,23,202,81,40,111,True
609,267,254,18,103,39,91,133,53,96,60,True
610,113,103,89,18,24,1,121,111,222,131,True
611,56,240,157,429,516,84,39,67,432,254,False
612,101,497,64,429,27,143,59,29,126,161,True
613,45,16,164,15,33,23,5,40,202,61,False
614,86,99,429,32,25,79,38,81,497,50,False
615,37,113,222,23,103,202,59,54,45,16,False
616,110,59,4,16,120,236,78,141,267,99,True
617,266,157,37,17,21,236,92,267,238,77,True
618,84,68,59,267,202,25,67,141,245,58,False
619,222,412,516,23,84,75,74,63,19,29,False
620,222,111,4,11,6,75,141,1,51,98,True
621,222,64,31,105,201,238,11,63,122,18,False
622,412,254,202,245,27,141,37,236,23,61,True
623,45,32,78,99,21,1,81,63,62,150,False
624,111,18,131,38,516,89,122,15,102,13,True
625,18,122,412,154,61,91,80,43,236,32,True
626,120,114,67,99,267,92,53,7,11,236,True
627,42,57,201,19,96,28,222,245,40,114,True
628,59,64,222,55,412,29,238,98,33,17,True
629,57,96,516,412,61,245,40,64,236,31,False
630,64,4,110,150,412,37,57,67,427,1,True
631,99,14,122,29,37,25,236,33,58,161,True
632,15,57,81,254,111,59,53,103,23,22,True
633,45,86,119,163,11,35,131,21,41,99,True
634,157,11,498,34,12,81,40,4,64,126,False
635,30,163,201,113,236,429,60,53,61,157,False
636,18,516,203,114,245,141,69,64,27,202,False
637,63,106,57,89,15,53,5,51,7,75,False
638,26,19,57,7,51,92,222,238,113,16,True
639,18,134,421,40,57,24,240,268,412,15,True
640,92,51,37,4,33,20,8,222,101,201,False
641,29,57,16,164,4,157,429,48,412,3,False
642,40,516,32,119,41,15,238,78,111,60,True
643,238,82,48,67,40,412,29,245,157,141,False
644,254,30,16,81,8,45,222,5,497,32,True
645,163,254,57,29,157,114,30,67,53,19,False
646,157,421,84,16,110,68,117,202,19,238,True
647,111,245,59,37,29,202,99,126,103,11,True
648,3,22,99,11,112,43,39,19,67,157,True
649,119,157,38,223,131,79,412,240,67,238,False
650,35,23,15,37,99,38,51,53,141,27,False
651,516,61,29,121,75,32,18,34,58,37,True
652,21,412,75,154,1,121,134,82,266,498,False
653,40,61,5,22,2,58,105,76,18,89,True
654,29,63,31,28,89,5,57,412,119,103,True
655,58,121,16,222,157,105,236,117,516,62,True
656,7,412,29,54,79,202,131,17,141,201,True
657,141,157,99,110,98,58,497,55,24,29,False
658,102,222,84,40,83,99,11,114,110,103,False
659,33,75,63,3,18,157,37,86,64,22,True
660,92,161,67,113,516,497,31,222,7,122,True
661,17,99,22,412,5,58,105,222,16,50,True
662,99,421,18,24,17,267,163,516,81,8,True
663,61,18,40,57,122,113,42,117,24,21,False
664,131,25,21,236,6,516,245,119,111,79,True
665,75,12,4,62,96,498,112,141,89,27,True
666,80,78,18,412,127,3,64,91,236,44,False
667,40,59,81,23,99,516,201,236,24,38,True
668,21,34,121,92,89,19,141,412,202,236,True
669,96,69,5,78,31,17,11,222,99,45,True
670,222,40,121,48,38,57,267,18,58,103,True
671,222,79,92,40,245,63,78,29,238,59,False
672,38,202,150,25,60,30,238,33,498,412,False
673,19,238,74,37,15,75,117,45,18,121,False
674,36,429,23,53,268,38,141,40,222,80,False
675,38,201,18,60,75,85,79,17,498,267,True
676,62,245,81,32,59,121,222,23,91,117,False
677,10,18,131,31,14,236,412,77,23,45,False
678,21,59,2,8,26,141,99,53,157,236,False
679,102,67,12,8,157,15,412,69,104,39,True
680,32,222,238,157,12,81,141,45,23,115,True
681,117,61,67,11,59,122,236,60,238,16,True
682,238,58,21,32,267,18,37,254,1,86,False
683,22,113,53,245,39,81,26,23,45,98,False
684,55,17,121,96,78,90,22,141,122,412,True
685,117,18,24,78,61,6,103,104,498,16,True
686,103,92,19,99,22,98,240,113,18,91,False
687,22,150,12,19,29,23,67,101,20,44,False
688,44,119,56,131,516,23,32,432,21,105,False
689,150,141,103,40,222,12,4,79,81,68,True
690,35,1,31,99,22,222,103,80,106,53,True
691,161,91,18,55,33,40,266,31,17,119,True
692,60,37,4,119,20,23,222,238,57,117,False
693,136,40,67,33,58,117,96,141,134,516,False
694,45,32,18,40,150,60,14,21,412,245,False
695,498,106,2,37,105,67,89,57,69,150,True
696,4,18,48,102,44,74,268,53,120,498,False
697,157,119,267,105,59,121,90,202,150,12,False
698,111,157,105,222,10,141,29,45,238,9,True
699,92,103,22,53,24,34,67,89,11,122,True
700,238,498,497,154,6,60,22,117,101,92,False
701,133,412,21,245,91,98,18,12,33,105,False
702,92,67,33,16,112,102,98,40,51,157,True
703,1,31,37,5,236,22,75,45,105,203,False
704,51,131,267,113,5,74,79,201,157,81,True
705,427,44,82,90,18,157,31,59,67,40,True
706,92,19,29,40,55,91,516,498,16,59,True
707,91,16,85,202,141,117,42,18,54,28,True
708,22,24,23,245,50,76,75,131,18,19,True
709,157,31,22,40,103,117,25,15,122,238,True
710,202,40,7,126,31,35,22,58,412,34,False
711,1,131,412,21,75,498,53,85,238,104,False
712,53,157,19,83,96,91,25,236,516,32,True
713,29,412,121,90,58,86,8,201,67,141,True
714,102,4,126,40,119,62,79,103,29,412,False
715,432,57,99,141,18,222,201,75,59,38,True
716,92,236,25,61,77,3,41,157,89,110,False
717,15,53,105,39,427,203,98,48,429,8,True
718,69,39,201,59,21,236,12,18,121,103,False
719,50,8,37,29,24,11,67,267,122,134,True
720,223,64,90,157,18,498,59,31,55,16,False
721,120,67,53,61,114,16,161,24,202,60,False
722,202,267,134,420,33,1,498,17,516,16,True
723,143,22,236,122,80,420,113,157,18,43,False
724,37,498,254,61,58,43,122,1,121,67,False
725,164,105,40,119,5,53,143,31,18,23,False
726,81,266,5,12,110,161,24,236,3,17,True
727,37,134,75,86,22,11,157,29,89,90,False
728,236,107,99,141,40,143,121,1,58,18,False
729,67,37,63,82,24,64,53,238,31,202,False
730,141,238,96,117,498,14,17,497,35,119,True
731,103,5,37,27,222,18,3,19,497,59,False
732,5,25,29,58,17,45,23,141,9,222,False
733,99,254,412,236,150,429,89,33,57,245,False
734,245,12,24,67,17,63,122,5,51,43,False
735,53,266,18,59,115,516,267,4,21,24,True
736,103,51,267,420,141,7,67,154,497,57,False
737,81,16,38,106,75,12,99,15,126,421,True
738,53,24,22,61,11,45,17,67,77,63,True
739,26,202,79,238,5,19,85,157,18,25,True
740,35,92,412,105,202,222,121,53,497,38,False
741,18,58,53,55,117,32,92,157,412,51,True
742,201,18,10,33,99,48,103,32,43,67,False
743,141,99,157,54,236,96,64,92,63,412,False
744,61,68,110,16,62,40,18,75,8,141,False
745,131,412,77,236,62,164,67,516,63,53,True
746,122,245,201,78,15,29,17,5,43,63,False
747,29,23,157,35,497,412,67,63,11,17,False
748,222,497,54,33,61,157,236,98,421,9,False
749,45,238,133,39,202,25,20,24,498,157,True
750,61,51,267,14,141,222,55,64,17,412,True
751,67,267,102,101,24,92,103,412,59,18,False
752,12,104,55,17,498,238,236,33,74,40,False
753,11,54,498,134,497,16,421,92,67,103,False
754,67,3,85,16,11,37,84,254,50,236,False
755,75,22,44,4,78,60,31,51,79,236,True
756,86,37,23,85,18,55,22,33,516,40,False
757,86,29,19,38,16,106,99,35,17,222,True
758,150,29,53,64,157,59,89,81,141,28,False
759,98,131,429,81,23,78,18,79,103,516,False
760,4,44,92,64,67,76,36,119,112,90,True
761,16,7,29,67,75,81,32,25,202,91,False
762,136,222,57,40,75,51,80,1,64,53,True
763,245,106,39,10,96,21,102,44,157,105,False
764,16,420,161,104,15,81,99,28,12,150,True
765,432,69,254,150,202,67,516,99,53,17,True
766,19,51,101,86,516,57,89,96,141,69,True
767,29,84,59,40,238,105,60,21,6,143,False
768,11,420,7,89,21,86,5,29,25,105,False
769,111,113,98,67,157,90,38,24,161,18,False
770,40,41,18,141,8,112,62,48,44,222,False
771,57,141,238,18,412,4,113,117,92,29,True
772,203,103,497,498,126,16,21,26,83,121,False
773,202,117,131,157,141,18,99,12,23,86,False
774,18,42,57,23,497,58,267,35,163,498,True
775,150,99,110,9,61,122,40,15,33,38,False
776,90,58,222,89,32,41,67,69,40,203,False
777,29,53,31,238,240,498,516,112,114,120,True
778,245,29,90,36,201,53,32,222,115,83,True
779,31,98,67,99,89,34,37,236,48,80,True
780,84,98,11,53,202,15,267,79,13,31,True
781,51,75,59,245,267,1,18,92,412,141,True
782,133,154,119,80,34,63,23,238,53,29,True
783,245,122,141,18,412,119,12,90,120,75,False
784,117,11,86,34,222,154,74,91,21,59,False
785,236,54,40,112,57,120,115,24,267,67,False
786,420,67,105,5,412,99,19,12,81,122,True
787,58,53,498,11,131,74,19,157,222,412,True
788,497,11,17,112,498,29,157,31,59,267,False
789,7,41,236,497,78,104,67,53,154,115,False
790,222,127,84,53,48,21,17,37,62,57,False
791,79,223,57,91,81,58,131,110,412,62,True
792,58,63,67,421,238,157,154,75,498,516,False
793,44,11,157,55,236,21,74,43,23,245,True
794,48,429,131,78,236,25,79,24,498,497,False
795,133,26,98,79,161,121,24,268,25,21,True
796,82,61,79,498,16,64,18,43,91,122,False
797,90,161,429,45,120,67,99,25,39,5,True
798,11,143,110,238,31,63,19,236,85,157,False
799,63,498,75,497,154,18,59,412,3,141,True
800,99,85,412,113,498,126,18,64,39,12,True
801,22,37,112,98,120,150,498,113,238,412,False
802,202,64,7,37,420,41,103,254,498,20,True
803,28,429,17,90,89,38,412,31,254,498,False
804,99,164,15,154,31,32,238,429,85,89,True
805,78,2,161,15,35,18,11,38,40,92,False
806,90,31,67,111,106,121,12,29,238,59,True
807,16,131,2,516,498,91,67,161,106,122,False
808,134,19,12,23,22,267,67,64,4,17,True
809,37,150,21,254,43,40,45,86,110,50,True
810,82,56,67,63,99,1,19,80,51,412,False
811,67,24,12,4,141,40,41,79,498,34,False
812,222,40,131,23,122,134,420,5,37,18,False
813,201,78,420,119,115,203,53,202,14,112,True
814,18,120,53,92,131,105,20,57,21,1,False
815,75,9,89,236,30,8,119,11,412,122,True
816,59,497,29,86,61,238,85,117,33,18,False
817,497,245,29,75,36,67,19,122,45,78,True
818,8,44,31,67,98,19,150,81,37,38,True
819,24,84,5,67,497,17,80,29,74,59,False
820,86,238,53,23,236,21,245,143,203,17,False
821,99,19,429,40,59,80,117,202,157,35,False
822,43,15,103,48,254,62,16,96,24,84,False
823,157,429,20,201,122,43,92,28,45,202,False
824,99,412,67,122,141,119,75,57,32,86,True
825,39,40,96,1,120,18,25,236,11,54,True
826,67,254,40,238,82,240,121,498,63,61,True
827,412,429,90,64,80,114,59,29,16,245,False
828,96,68,107,103,89,19,53,21,236,98,True
829,421,4,150,222,12,43,98,18,59,134,False
830,30,121,40,39,18,141,23,161,202,412,False
831,157,412,11,119,55,421,51,61,74,40,False
832,245,238,40,236,57,202,141,267,25,240,True
833,59,412,11,110,127,141,55,54,497,81,True
834,157,1,236,104,245,57,74,516,14,21,True
835,33,18,82,40,126,62,37,245,29,121,False
836,134,111,68,222,11,89,91,19,22,6,True
837,21,31,254,99,6,50,67,33,91,40,False
838,84,44,236,113,103,45,32,67,31,161,False
839,18,106,105,150,37,516,25,79,254,202,False
840,112,150,18,267,62,11,111,44,236,119,True
841,83,89,11,245,18,497,33,105,498,24,False
842,11,19,112,67,111,236,412,74,81,121,False
843,110,105,3,19,44,412,54,62,61,498,False
844,29,157,36,267,3,55,106,19,236,122,False
845,106,114,103,236,57,18,1,77,157,91,False
846,134,75,44,33,22,81,113,2,99,103,True
847,412,92,21,126,77,429,45,141,61,58,False
848,90,133,498,62,37,126,55,18,76,143,False
849,11,37,141,202,13,57,62,63,104,29,False
850,9,157,62,25,81,64,222,114,103,21,False
851,16,29,31,45,122,15,7,23,37,19,True
852,201,67,86,24,238,15,59,420,111,99,True
853,69,92,56,12,51,432,157,41,115,33,False
854,222,117,69,48,157,21,45,27,113,44,False
855,84,24,62,18,201,39,32,37,25,15,False
856,121,45,75,498,44,126,43,141,202,89,True
857,21,127,84,77,58,80,254,161,91,29,True
858,35,99,67,24,75,31,157,22,412,11,False
859,161,245,51,86,141,412,32,115,11,21,False
860,104,4,412,75,29,18,11,40,516,103,True
861,18,99,80,40,5,103,79,126,111,202,False
862,37,50,236,84,60,421,61,58,110,497,True
863,28,38,122,236,12,29,134,78,1,64,True
864,4,92,80,498,43,57,117,22,141,157,True
865,143,86,254,267,18,34,64,23,16,119,True
866,266,32,245,267,119,21,412,103,6,19,True
867,516,157,81,412,59,115,113,222,53,150,True
868,40,141,134,110,62,4,19,53,67,58,True
869,134,86,12,29,141,16,11,119,26,57,False
870,69,107,412,222,54,64,29,266,1,53,True
871,29,83,40,61,23,117,119,69,245,420,False
872,134,53,50,51,24,21,59,25,2,267,False
873,40,27,64,202,42,92,59,81,134,37,False
874,41,61,96,64,44,40,131,28,222,157,False
875,19,2,26,29,112,61,427,67,17,412,True
876,150,84,51,8,432,79,105,498,64,59,True
877,412,122,28,236,157,19,12,29,91,92,True
878,29,75,5,78,2,157,60,23,16,96,True
879,126,38,236,33,89,110,35,99,91,17,True
880,117,22,68,53,102,143,32,77,38,67,False
881,75,37,79,41,222,22,412,1,54,157,True
882,22,4,17,111,102,61,40,14,59,29,True
883,222,23,11,42,412,201,61,24,27,18,False
884,9,516,117,1,18,157,98,141,43,29,True
885,24,18,134,44,31,110,39,56,90,201,True
886,23,131,53,222,34,24,31,21,84,267,True
887,75,238,89,96,57,157,143,10,498,62,True
888,22,98,103,53,421,25,18,122,121,236,False
889,8,40,133,19,99,498,114,33,134,117,False
890,412,67,60,1,41,98,25,96,420,103,False
891,157,254,75,223,222,22,238,53,17,121,False
892,90,102,18,267,157,27,141,202,117,245,False
893,238,35,122,117,67,119,99,516,412,36,False
894,238,161,516,22,141,33,58,498,25,61,False
895,37,57,83,157,15,59,8,24,67,43,True
896,133,134,62,102,267,51,16,163,126,33,True
897,141,6,236,117,17,201,134,64,24,29,False
898,113,498,115,16,83,92,61,40,96,102,True
899,96,79,91,68,17,29,412,141,223,103,True
900,202,111,127,75,59,68,236,103,53,5,False
901,64,18,3,89,69,35,222,101,17,53,True
902,236,202,77,14,150,126,1,39,432,18,True
903,412,31,29,161,163,150,99,98,18,40,False
904,105,154,119,143,23,54,99,1,22,89,True
905,74,29,99,64,240,18,11,1,92,25,False
906,25,1,421,24,222,18,61,89,80,54,False
907,141,23,18,61,63,79,37,236,21,222,True
908,33,59,119,4,412,40,236,11,254,34,False
909,61,67,48,201,23,122,32,45,117,110,False
910,238,245,11,201,29,33,222,412,62,92,False
911,122,40,50,24,202,161,74,113,59,222,True
912,157,43,19,29,1,222,80,45,164,53,True
913,420,131,81,222,40,29,14,203,7,86,False
914,61,412,421,75,110,15,113,44,236,84,False
915,19,16,245,67,85,18,79,103,412,80,True
916,266,53,51,8,113,15,112,412,19,41,True
917,141,105,37,29,516,25,202,412,104,122,False
918,48,40,119,5,61,113,236,84,54,1,False
919,41,121,40,67,238,61,498,24,59,53,False
920,105,43,432,29,32,59,81,516,55,58,False
921,48,89,222,90,120,134,59,18,16,50,False
922,33,21,13,24,37,157,223,61,18,35,True
923,30,268,32,110,497,57,222,113,134,40,False
924,497,61,113,11,110,202,98,63,5,143,True
925,202,99,10,102,117,92,69,201,254,18,False
926,7,29,245,63,58,56,202,25,102,4,False
927,19,23,119,40,127,61,14,15,516,56,True
928,18,122,11,38,201,92,498,56,45,40,False
929,99,111,86,222,16,29,114,37,19,163,True
930,141,98,18,3,25,27,90,34,429,11,False
931,84,22,96,19,201,99,119,63,421,122,False
932,45,126,86,74,222,412,498,11,55,17,False
933,143,29,75,90,11,498,40,3,59,115,False
934,45,79,27,29,91,238,150,498,117,113,True
935,131,16,96,54,23,18,11,40,25,86,False
936,222,1,92,12,141,89,90,82,421,18,False
937,41,429,76,143,240,23,222,99,79,1,False
938,56,201,157,92,18,29,267,27,134,48,True
939,117,19,55,92,498,222,42,114,141,412,True
940,157,67,121,40,516,267,119,1,122,113,False
941,141,4,81,37,86,18,104,245,117,5,False
942,103,29,33,98,267,141,61,58,18,497,True
943,64,40,59,1,222,32,157,16,96,50,True
944,120,157,25,119,114,41,40,7,141,133,False
945,267,202,83,5,245,17,79,90,63,238,True
946,11,10,99,67,412,106,89,15,245,126,True
947,497,84,119,421,17,27,38,67,59,14,False
948,67,38,98,26,120,22,17,24,157,9,False
949,16,45,19,18,75,110,41,245,102,412,True
950,157,427,22,112,43,18,92,99,59,117,False
951,48,161,59,18,1,498,39,412,141,57,True
952,141,157,89,6,21,222,5,245,412,58,True
953,64,4,53,21,98,114,54,32,90,29,True
954,53,24,202,98,161,412,81,23,68,99,True
955,4,54,23,51,412,29,223,92,154,236,True
956,21,268,120,122,37,92,141,497,103,29,False
957,120,59,53,18,91,74,40,67,57,79,False
958,498,16,63,254,114,86,8,18,117,131,True
959,7,40,41,11,15,59,64,117,29,90,True
960,126,102,9,222,14,18,58,43,236,79,True
961,202,254,134,86,161,113,114,497,238,110,False
962,11,22,61,48,412,64,50,67,45,12,True
963,497,25,498,24,28,80,19,91,29,1,False
964,79,126,117,18,63,5,99,113,119,223,False
965,25,202,245,240,24,83,432,238,6,113,True
966,240,25,120,222,127,18,58,37,102,1,False
967,114,5,37,51,163,45,82,19,89,21,False
968,61,53,141,58,18,75,33,81,16,1,True
969,43,127,133,236,64,113,134,498,37,107,False
970,12,56,22,245,126,41,9,79,45,81,False
971,40,236,5,25,59,238,254,42,113,79,True
972,23,17,21,15,516,44,29,45,75,19,True
973,133,64,38,119,412,15,432,34,113,41,True
974,53,82,498,33,103,111,120,58,63,67,False
975,61,23,75,110,54,164,236,32,40,74,True
976,69,18,62,120,86,51,103,141,40,68,True
977,32,29,61,497,106,59,99,21,31,432,False
978,103,89,51,5,57,432,163,18,120,111,True
979,157,45,516,110,79,9,90,201,81,86,True
980,150,63,59,16,11,79,267,50,112,222,False
981,122,61,98,18,53,25,81,42,120,84,True
982,222,157,44,91,33,202,23,59,143,34,False
983,115,113,19,412,29,18,44,104,98,26,False
984,102,92,429,63,4,45,498,98,497,120,True
985,18,74,5,84,86,31,107,497,157,51,True
986,120,143,8,51,150,27,25,79,40,119,False
987,202,106,150,89,245,157,122,40,32,110,False
988,150,99,31,67,11,86,56,55,40,51,False
989,53,39,15,4,33,76,81,119,141,412,True
990,40,98,19,61,18,75,157,110,33,267,True
991,98,19,18,17,157,11,236,497,24,245,False
992,236,18,31,59,16,29,43,11,61,122,True
993,412,13,202,24,238,516,157,18,12,60,True
994,412,67,64,1,78,51,11,126,45,37,True
995,44,134,222,157,79,254,223,22,90,16,False
996,22,10,122,432,61,64,201,29,92,131,False
997,15,40,59,112,154,157,104,24,53,115,False
998,19,40,8,29,238,10,21,412,103,11,False
999,4,16,119,59,141,50,40,75,121,15,True
