,champ0,champ1,champ2,champ3,champ4,win
0,240,29,63,64,1,True
1,24,238,432,51,17,False
2,54,99,236,107,238,False
3,25,96,103,62,92,True
4,222,63,24,150,238,False
5,41,5,53,61,51,True
6,21,99,103,122,141,False
7,25,59,85,112,15,True
8,143,96,157,134,50,True
9,35,150,110,61,40,False
10,254,497,15,163,126,False
11,412,24,50,81,19,True
12,69,64,126,29,53,True
13,40,41,61,119,102,False
14,91,57,67,16,28,True
15,5,18,58,40,268,False
16,14,498,121,497,55,False
17,33,39,412,238,222,True
18,4,77,12,22,80,True
19,79,62,267,84,29,False
20,81,19,21,63,86,False
21,106,103,18,240,57,True
22,201,4,238,64,222,False
23,67,9,104,101,23,True
24,14,55,18,114,141,False
25,157,245,236,9,223,True
26,29,79,432,127,420,False
27,115,51,86,5,16,True
28,19,75,99,45,67,False
29,103,41,201,429,32,True
30,11,105,92,89,96,False
31,157,420,12,67,24,True
32,75,238,31,18,143,True
33,497,24,498,59,1,False
34,26,112,18,20,126,False
35,161,59,23,412,15,True
36,6,5,245,236,267,False
37,498,44,19,55,86,True
38,21,25,33,45,27,True
39,24,161,67,201,19,False
40,101,58,51,19,40,True
41,99,86,11,1,21,False
42,34,14,53,18,19,False
43,16,134,29,58,79,True
44,1,110,113,201,80,True
45,412,29,99,75,141,False
46,202,113,157,63,57,True
47,92,38,35,59,15,False
48,79,37,96,516,134,False
49,38,157,99,67,24,True
50,412,161,18,32,8,True
51,54,15,154,238,63,False
52,29,63,75,1,164,True
53,99,516,96,19,12,False
54,55,19,53,67,77,True
55,201,120,202,48,38,False
56,238,31,99,22,59,False
57,516,67,117,75,90,True
58,51,412,18,84,77,True
59,59,20,53,81,39,False
60,48,29,43,53,19,False
61,18,101,5,117,122,True
62,64,18,62,98,45,False
63,412,57,21,69,103,True
64,64,19,498,57,99,True
65,113,103,29,17,412,False
66,25,102,15,103,17,True
67,516,32,245,40,96,False
68,18,41,25,154,38,True
69,96,105,40,64,75,False
70,20,53,133,81,157,False
71,102,18,117,236,40,True
72,245,99,498,120,3,False
73,267,103,18,59,60,True
74,157,99,105,516,81,False
75,37,19,21,17,63,True
76,420,432,67,28,91,False
77,40,238,120,51,74,True
78,31,89,161,18,92,True
79,38,81,141,420,412,False
80,96,238,57,53,79,True
81,120,69,267,67,6,False
82,64,43,18,10,78,False
83,119,497,115,141,39,True
84,202,11,1,150,41,False
85,236,40,67,58,79,True
86,31,4,11,18,22,True
87,110,150,63,113,91,False
88,91,60,23,119,53,True
89,267,42,15,11,105,False
90,19,150,99,51,223,True
91,96,25,121,161,31,False
92,103,110,254,432,75,False
93,44,114,121,222,41,True
94,16,80,222,4,427,False
95,17,77,29,238,432,True
96,57,222,13,24,40,True
97,59,115,15,412,98,False
98,222,76,13,91,53,False
99,78,161,22,516,141,True
100,64,18,20,99,16,True
101,412,498,79,45,32,False
102,99,23,432,29,5,True
103,267,120,498,17,38,False
104,112,117,67,75,141,False
105,43,127,29,22,98,True
106,202,30,89,75,5,False
107,45,14,92,79,67,True
108,43,8,157,18,113,True
109,29,120,238,58,267,False
110,67,57,26,121,201,True
111,31,53,21,245,39,False
112,58,35,40,18,34,False
113,163,29,203,412,12,True
114,202,23,141,267,134,True
115,222,25,143,58,64,False
116,41,18,5,35,516,False
117,22,59,99,14,7,True
118,89,34,17,32,18,True
119,202,56,157,68,40,False
120,50,75,201,29,11,True
121,19,27,51,89,103,False
122,412,498,141,5,238,False
123,91,79,110,41,53,True
124,85,164,121,29,267,False
125,44,516,112,62,96,True
126,9,113,105,150,18,False
127,86,157,154,96,412,True
128,157,240,29,1,35,False
129,120,99,238,14,222,True
130,134,99,85,254,110,False
131,117,31,105,121,18,True
132,8,68,56,22,89,True
133,222,59,24,112,43,False
134,238,29,10,57,222,True
135,236,133,92,25,61,False
136,113,4,16,84,222,True
137,121,105,114,37,67,False
138,412,15,157,42,11,False
139,20,37,17,79,18,True
140,238,82,122,21,37,True
141,99,79,54,157,222,False
142,245,96,120,111,55,False
143,84,24,16,119,75,True
144,99,19,15,105,80,False
145,57,36,79,29,412,True
146,98,136,11,110,59,True
147,105,141,29,20,92,False
148,17,105,42,11,14,False
149,27,45,141,18,412,True
150,63,497,59,77,18,False
151,236,92,28,99,40,True
152,429,238,17,141,53,False
153,59,91,121,40,21,True
154,57,22,133,74,81,False
155,222,50,111,5,113,True
156,25,33,18,150,38,False
157,245,31,412,22,59,True
158,91,75,236,245,412,False
159,267,41,115,18,23,True
160,122,96,40,19,69,False
161,157,50,102,412,498,True
162,150,81,22,60,432,False
163,25,254,29,245,10,True
164,141,40,8,157,236,True
165,21,38,117,121,92,False
166,103,111,222,57,133,False
167,23,16,29,64,105,True
168,11,412,51,157,150,False
169,36,25,121,40,202,True
170,202,17,7,11,111,True
171,64,18,40,122,1,False
172,77,245,99,8,119,True
173,12,22,134,516,19,False
174,6,44,29,254,69,False
175,96,497,28,236,85,True
176,412,80,37,60,21,False
177,238,27,104,498,432,True
178,105,26,96,133,64,False
179,9,202,23,74,25,True
180,89,429,102,42,58,False
181,2,1,141,67,111,True
182,222,58,245,57,223,False
183,201,99,81,59,6,True
184,41,55,143,64,18,False
185,236,51,16,98,9,True
186,92,105,117,29,20,False
187,96,106,8,16,86,True
188,4,16,92,236,60,False
189,63,222,17,201,254,True
190,78,2,45,86,202,True
191,103,54,106,498,25,False
192,43,99,96,57,102,False
193,202,110,267,106,141,True
194,29,26,122,11,43,False
195,56,202,115,12,58,True
196,421,497,22,101,92,True
197,119,164,12,163,121,False
198,77,122,74,119,12,False
199,92,497,38,59,222,True
200,51,143,50,19,420,True
201,516,202,37,163,107,False
202,163,412,9,83,22,False
203,29,117,99,64,24,True
204,104,83,134,16,18,True
205,412,22,59,90,106,False
206,202,134,85,86,32,True
207,266,254,21,25,40,False
208,14,497,18,91,59,True
209,37,3,67,121,79,False
210,122,81,117,90,201,True
211,53,164,222,31,1,False
212,89,67,113,136,10,False
213,50,91,29,412,102,True
214,17,40,110,57,30,False
215,117,92,59,67,61,True
216,15,19,58,245,143,True
217,82,38,236,497,11,False
218,96,105,10,421,98,False
219,516,102,498,12,45,True
220,150,67,201,11,157,False
221,48,90,429,412,106,True
222,82,48,245,22,516,False
223,51,163,412,33,24,True
224,59,114,105,141,15,True
225,18,412,4,104,48,False
226,21,59,117,75,245,False
227,6,7,412,62,18,True
228,141,53,498,91,79,False
229,17,119,11,34,80,True
230,79,40,15,245,157,True
231,10,222,412,24,28,False
232,23,61,98,22,28,False
233,76,18,412,54,240,True
234,202,127,141,43,157,False
235,75,37,113,238,51,True
236,99,245,17,19,15,False
237,21,86,53,77,25,True
238,56,111,57,67,103,False
239,58,8,412,110,141,True
240,114,121,16,42,67,True
241,131,222,516,107,412,False
242,19,429,12,58,61,True
243,516,1,18,141,99,False
244,61,421,67,19,53,True
245,63,75,412,111,23,False
246,45,113,202,54,157,False
247,121,267,96,98,245,True
248,78,22,245,113,120,False
249,157,161,429,412,23,True
250,432,134,24,23,22,False
251,222,92,105,1,50,True
252,31,119,1,122,412,False
253,25,157,516,60,236,True
254,55,17,32,21,37,True
255,14,114,74,64,18,False
256,57,16,48,134,67,True
257,115,18,98,24,432,False
258,58,498,497,134,77,True
259,516,412,104,121,110,False
260,133,62,34,40,18,True
261,222,267,64,75,90,False
262,113,84,81,58,412,False
263,4,432,27,498,141,True
264,92,432,69,81,19,True
265,79,29,412,61,78,False
266,202,245,89,12,254,True
267,25,5,157,17,22,False
268,30,103,41,31,222,True
269,133,40,6,157,120,False
270,16,101,24,498,141,True
271,113,43,67,134,92,False
272,245,201,51,62,24,False
273,98,103,21,11,25,True
274,64,75,4,267,29,False
275,12,236,161,60,24,True
276,222,201,104,69,23,False
277,99,90,64,110,412,True
278,157,85,19,18,201,False
279,24,61,21,45,25,True
280,141,432,114,103,498,True
281,75,29,134,30,64,False
282,16,34,110,33,157,False
283,27,96,117,238,141,True
284,222,141,236,157,432,False
285,40,86,56,21,13,True
286,9,74,3,37,22,True
287,32,51,53,164,63,False
288,4,40,80,11,110,True
289,67,103,131,59,75,False
290,18,157,111,24,74,False
291,25,29,56,91,86,True
292,85,222,24,412,15,True
293,92,102,429,37,11,False
294,53,18,157,8,19,True
295,37,222,68,92,516,False
296,113,245,89,14,236,False
297,81,40,58,141,34,True
298,68,62,117,134,18,False
299,78,136,92,498,99,True
300,254,53,29,115,39,True
301,16,45,236,122,64,False
302,115,157,267,222,14,False
303,36,28,40,51,84,True
304,429,141,412,238,236,True
305,17,39,101,133,28,False
306,89,223,236,113,61,True
307,4,76,29,201,27,False
308,111,41,105,18,102,True
309,51,33,75,44,99,False
310,76,103,16,67,86,True
311,38,516,64,238,163,False
312,122,223,498,497,13,False
313,201,18,102,157,90,True
314,79,55,29,58,25,False
315,91,32,16,67,36,True
316,53,41,498,102,91,True
317,412,62,51,245,115,False
318,33,111,98,103,81,True
319,19,12,157,80,117,False
320,53,222,11,61,35,True
321,163,21,36,32,40,False
322,29,26,48,240,82,False
323,77,91,68,21,267,True
324,141,30,105,51,16,False
325,222,89,62,5,43,True
326,240,57,81,105,254,True
327,102,45,236,111,150,False
328,236,8,22,412,57,True
329,25,90,98,51,141,False
330,40,141,98,8,236,True
331,222,99,16,5,516,False
332,112,154,10,236,40,True
333,67,53,45,59,68,False
334,29,57,37,79,157,True
335,91,44,28,75,18,False
336,222,11,85,238,44,False
337,111,84,102,24,51,True
338,18,99,54,412,59,True
339,40,13,141,21,78,False
340,21,3,37,59,427,True
341,85,120,18,157,161,False
342,222,102,267,161,122,True
343,254,98,429,90,19,False
344,4,27,121,498,17,True
345,267,79,54,14,18,False
346,32,18,131,31,497,True
347,28,420,498,12,92,False
348,7,83,24,202,150,True
349,117,1,427,86,67,False
350,51,31,154,115,12,True
351,44,84,141,10,67,False
352,150,89,119,19,236,False
353,117,84,80,18,113,True
354,61,420,421,222,432,True
355,22,412,85,254,99,False
356,16,120,69,86,18,False
357,40,22,59,202,105,True
358,17,15,11,516,45,False
359,497,25,83,102,18,True
360,67,117,75,69,141,False
361,9,157,61,222,497,True
362,67,53,19,31,90,True
363,44,4,29,76,86,False
364,141,150,103,29,432,True
365,24,8,18,126,40,False
366,163,19,201,498,111,False
367,157,53,67,59,27,True
368,113,57,90,143,202,False
369,67,412,78,134,92,True
370,44,42,238,33,164,False
371,24,15,115,141,201,True
372,38,104,78,51,267,False
373,86,103,113,40,18,True
374,110,92,412,107,55,False
375,89,157,121,21,84,True
376,4,131,86,110,25,False
377,17,150,120,89,30,True
378,45,10,81,64,223,False
379,92,111,121,112,18,True
380,92,89,22,154,99,True
381,115,31,51,37,516,False
382,497,238,131,18,102,True
383,236,133,31,412,122,False
384,18,92,267,19,245,False
385,69,141,24,96,40,True
386,427,238,25,202,80,True
387,84,122,51,19,14,False
388,22,16,34,11,75,False
389,58,106,21,516,99,True
390,37,41,84,79,18,True
391,61,23,59,16,222,False
392,10,141,427,90,18,True
393,432,161,5,110,59,False
394,45,18,412,36,150,True
395,59,61,5,429,40,False
396,37,202,32,24,99,False
397,412,240,67,5,45,True
398,79,236,115,40,157,False
399,98,11,143,222,7,True
400,90,26,24,19,96,True
401,92,50,67,20,53,False
402,59,18,57,40,84,True
403,48,111,121,29,55,False
404,75,37,21,11,268,False
405,6,22,117,64,131,True
406,12,516,18,154,1,False
407,6,201,222,103,19,True
408,119,75,89,107,63,True
409,41,99,110,516,13,False
410,24,77,498,201,238,False
411,121,245,119,12,86,True
412,96,59,38,25,516,False
413,133,69,79,40,29,True
414,79,412,119,131,164,True
415,516,91,121,67,40,False
416,157,126,120,25,222,True
417,106,45,58,67,38,False
418,154,105,81,86,143,True
419,110,412,266,69,5,False
420,13,28,58,222,412,True
421,236,110,24,16,113,False
422,126,119,117,3,254,False
423,35,103,143,92,18,True
424,48,1,24,61,81,True
425,21,64,268,54,53,False
426,201,141,498,420,134,False
427,80,157,222,412,19,True
428,154,48,15,267,238,False
429,44,84,498,92,77,True
430,11,164,8,117,222,True
431,26,69,99,236,31,False
432,18,19,16,23,38,False
433,106,34,2,432,119,True
434,25,420,236,141,103,True
435,91,20,150,29,44,False
436,245,29,23,16,35,False
437,141,17,412,222,55,True
438,18,91,19,99,126,True
439,58,245,120,81,516,False
440,61,98,76,266,18,True
441,202,412,141,23,238,False
442,21,7,28,157,412,True
443,25,238,84,222,11,False
444,22,117,92,61,59,True
445,141,99,79,16,115,False
446,267,67,113,103,80,False
447,44,102,38,92,119,True
448,119,497,92,64,115,False
449,101,21,114,76,412,True
450,157,17,421,110,412,True
451,238,497,15,141,61,False
452,254,164,37,61,29,True
453,110,53,157,62,101,False
454,240,157,81,11,59,False
455,119,99,55,24,5,True
456,121,157,4,40,222,True
457,202,136,432,120,150,False
458,64,92,90,22,412,True
459,61,420,154,21,267,False
460,74,154,21,99,516,False
461,86,222,412,19,43,True
462,121,133,61,43,119,False
463,18,245,105,36,34,True
464,223,17,119,63,4,True
465,8,498,412,24,106,False
466,53,107,75,29,3,False
467,30,83,89,59,236,True
468,18,58,89,57,103,True
469,64,105,37,67,102,False
470,238,19,236,150,117,False
471,75,201,254,202,8,True
472,75,119,40,90,33,False
473,57,245,236,24,201,True
474,1,63,516,11,110,True
475,254,25,498,115,45,False
476,67,53,45,421,19,False
477,90,157,201,429,32,True
478,141,69,67,23,53,False
479,126,31,222,26,91,True
480,59,122,61,18,412,True
481,67,33,163,89,96,False
482,63,29,55,254,92,True
483,82,35,497,67,141,False
484,164,40,59,18,103,True
485,63,26,236,28,62,False
486,24,67,34,516,53,True
487,45,23,119,27,64,False
488,202,115,60,143,83,False
489,236,133,99,122,105,True
490,23,131,37,18,89,False
491,111,99,67,267,64,True
492,2,67,102,236,1,False
493,134,17,111,21,79,True
494,202,63,223,11,31,False
495,131,86,44,245,119,True
496,119,40,61,35,78,False
497,23,22,4,201,141,True
498,141,58,69,236,40,False
499,268,498,64,202,50,True
500,18,157,19,14,53,False
501,23,25,15,98,105,True
502,202,81,99,40,98,False
503,77,26,63,31,22,True
504,516,5,43,222,45,True
505,89,1,67,122,113,False
506,5,99,57,202,412,False
507,43,516,37,18,141,True
508,90,25,202,141,120,True
509,412,22,75,102,30,False
510,119,37,24,516,4,False
511,79,112,432,56,21,True
512,121,67,267,126,61,False
513,161,64,16,10,81,True
514,201,164,120,67,245,True
515,16,22,112,11,58,False
516,516,41,26,498,32,True
517,29,56,236,99,92,False
518,19,53,134,62,22,True
519,48,51,84,157,24,False
520,222,33,99,203,238,True
521,117,103,29,122,498,False
522,18,23,117,57,45,True
523,96,98,69,36,412,False
524,267,12,498,105,2,True
525,240,238,22,161,113,False
526,5,86,17,63,67,False
527,29,12,24,101,27,True
528,516,157,86,67,432,True
529,82,89,59,254,26,False
530,57,21,86,238,60,True
531,99,59,98,202,516,False
532,67,37,19,114,115,False
533,57,113,12,157,51,True
534,141,37,84,58,67,False
535,29,164,44,103,57,True
536,121,18,90,17,53,True
537,63,1,157,76,29,False
538,16,81,54,80,245,True
539,161,58,51,40,64,False
540,1,157,141,143,67,True
541,110,432,64,92,69,False
542,41,222,53,79,76,True
543,6,141,16,236,45,False
544,24,90,222,55,98,True
545,31,131,57,37,51,False
546,61,102,432,119,59,True
547,75,22,107,25,38,False
548,18,101,64,92,89,True
549,25,17,238,421,22,False
550,12,127,122,21,19,False
551,16,6,76,67,115,True
552,17,34,222,267,23,True
553,141,15,40,157,90,False
554,103,50,202,19,40,True
555,67,412,86,33,161,False
556,497,57,498,24,8,True
557,40,67,79,134,51,False
558,516,117,19,18,238,True
559,15,24,267,55,154,False
560,68,498,432,35,85,False
561,12,121,91,17,22,True
562,11,80,22,75,89,True
563,40,29,98,45,113,False
564,6,254,222,40,1,True
565,4,25,236,79,240,False
566,54,81,92,59,432,True
567,12,154,150,238,202,False
568,37,498,55,86,107,False
569,11,245,240,429,111,True
570,32,112,67,40,17,False
571,117,96,84,8,56,True
572,63,429,48,19,105,True
573,90,266,92,99,22,False
574,115,12,5,92,18,False
575,79,50,222,101,16,True
576,8,222,117,92,57,False
577,38,18,412,64,39,True
578,498,37,79,238,150,False
579,245,10,113,81,45,True
580,43,29,33,115,85,False
581,61,59,223,67,412,True
582,161,91,67,113,99,True
583,222,79,117,101,78,False
584,157,40,126,202,31,True
585,238,32,122,22,267,False
586,41,236,64,497,4,True
587,126,67,30,111,412,False
588,202,63,3,267,64,False
589,36,21,58,61,85,True
590,44,96,236,76,24,True
591,85,81,141,516,8,False
592,43,86,31,119,38,True
593,202,50,120,84,412,False
594,105,75,23,222,16,True
595,420,21,141,99,89,False
596,79,41,81,37,7,False
597,4,12,8,154,96,True
598,150,103,236,161,154,True
599,113,238,92,202,63,False
600,18,412,1,64,516,True
601,38,17,25,59,22,False
602,105,2,53,202,64,False
603,40,35,114,115,67,True
604,63,84,238,111,126,False
605,19,110,61,157,141,True
606,57,15,43,4,27,False
607,96,267,3,19,50,True
608,412,41,79,51,75,True
609,11,103,222,516,58,False
610,23,498,99,141,37,True
611,163,35,150,96,26,False
612,111,164,29,84,33,True
613,89,86,55,28,119,False
614,120,22,45,10,12,False
615,27,245,29,117,266,True
616,64,99,96,7,23,False
617,77,412,236,238,57,True
618,72,37,69,59,18,True
619,27,91,57,29,141,False
620,119,69,19,111,432,False
621,498,497,3,113,157,True
622,202,37,113,38,240,False
623,14,15,126,12,79,True
624,222,103,59,64,267,True
625,89,136,81,62,79,False
626,103,3,45,21,106,False
627,102,24,18,223,63,True
628,23,51,90,516,12,True
629,412,11,163,67,24,False
630,115,17,2,22,25,False
631,6,117,427,245,429,True
632,34,40,150,15,79,True
633,119,36,103,516,412,False
634,90,39,120,236,1,True
635,14,29,103,43,126,False
636,16,141,420,22,1,True
637,245,32,202,99,122,False
638,120,157,412,29,126,False
639,119,240,53,69,76,True
640,53,67,31,38,35,True
641,54,86,18,30,25,False
642,40,516,102,61,21,False
643,79,27,4,222,117,True
644,21,43,64,103,420,False
645,238,113,62,16,222,True
646,21,19,99,163,131,True
647,45,121,412,29,14,False
648,14,238,432,11,51,False
649,18,112,33,16,86,True
650,3,238,497,131,102,True
651,254,516,18,82,31,False
652,106,114,131,223,429,False
653,154,51,55,37,75,True
654,24,55,4,79,22,True
655,236,141,43,31,99,False
656,201,81,64,420,236,False
657,18,40,245,79,58,True
658,141,222,126,238,44,False
659,203,18,80,201,5,True
660,238,3,110,24,122,True
661,75,516,412,39,222,False
662,12,236,17,120,516,False
663,84,113,91,412,18,True
664,21,157,104,53,58,True
665,63,122,32,51,42,False
666,63,421,51,75,16,False
667,32,222,161,432,85,True
668,119,92,4,64,37,False
669,38,201,222,121,41,True
670,18,37,134,106,24,True
671,59,121,40,4,96,False
672,79,34,40,96,98,True
673,18,86,267,112,121,False
674,121,31,96,58,40,True
675,120,13,67,37,41,False
676,5,41,67,143,55,True
677,63,267,114,24,429,False
678,12,141,245,21,91,True
679,115,29,53,57,31,False
680,15,75,56,238,63,True
681,498,101,104,25,59,False
682,35,37,51,141,134,True
683,11,266,412,101,498,False
684,11,25,7,114,236,True
685,81,134,5,201,110,False
686,412,23,222,110,10,False
687,86,11,37,21,245,True
688,64,122,498,45,412,False
689,40,222,90,24,150,True
690,141,222,45,122,16,False
691,84,64,29,126,497,True
692,121,22,238,41,57,False
693,103,223,18,40,106,True
694,29,154,61,41,16,True
695,412,157,114,19,222,False
696,134,98,11,45,67,False
697,61,75,107,40,18,True
698,61,86,28,5,18,True
699,141,497,498,27,45,False
700,157,51,117,67,5,False
701,17,103,77,16,202,True
702,59,432,39,114,67,False
703,164,202,35,516,9,True
704,412,498,154,238,17,False
705,67,245,64,106,89,True
706,104,516,90,15,27,True
707,54,59,51,61,412,False
708,133,33,45,37,18,True
709,143,236,412,154,157,False
710,59,16,240,134,222,False
711,21,5,105,75,117,True
712,17,122,245,429,497,True
713,111,202,516,1,113,False
714,6,238,202,254,37,True
715,91,68,412,64,15,False
716,84,37,79,103,81,False
717,67,57,36,40,105,True
718,131,157,222,122,40,True
719,21,245,412,64,161,False
720,141,236,115,59,117,True
721,19,157,84,202,497,False
722,516,48,102,119,101,False
723,37,27,51,80,5,True
724,121,40,3,67,1,False
725,29,37,150,103,64,True
726,236,143,92,42,254,False
727,102,15,78,1,122,True
728,64,22,89,13,86,False
729,267,36,126,18,102,True
730,17,34,102,429,412,True
731,267,268,67,24,86,False
732,57,12,21,55,122,True
733,31,3,16,222,141,False
734,105,102,67,238,25,False
735,110,60,84,53,58,True
736,154,23,236,201,103,False
737,157,11,111,54,18,True
738,59,102,67,105,39,False
739,18,53,85,157,57,True
740,51,157,25,64,92,False
741,161,89,429,24,104,True
742,25,98,141,429,238,True
743,67,516,122,60,134,False
744,131,236,40,75,4,True
745,98,161,43,67,59,False
746,412,75,119,106,25,True
747,497,157,40,18,1,False
748,157,41,35,143,29,True
749,222,37,84,14,11,False
750,61,51,44,33,57,True
751,110,78,201,11,69,False
752,245,41,18,19,516,False
753,25,99,150,67,11,True
754,164,131,53,157,222,True
755,18,432,115,58,4,False
756,1,77,67,114,4,True
757,157,63,202,60,105,False
758,99,236,432,64,141,False
759,21,78,115,37,121,True
760,107,202,24,201,55,True
761,99,75,412,21,254,False
762,141,236,16,90,245,True
763,40,61,62,67,3,False
764,32,55,89,24,222,True
765,41,15,106,48,99,False
766,117,4,75,141,29,False
767,498,24,421,99,12,True
768,164,59,141,12,18,True
769,103,432,23,64,222,False
770,60,240,31,22,432,False
771,18,114,64,163,412,True
772,59,23,111,222,245,True
773,96,80,117,26,516,False
774,81,10,85,19,157,False
775,134,141,412,498,17,True
776,150,516,77,25,29,True
777,51,157,427,99,31,False
778,64,202,42,90,92,False
779,75,105,117,498,141,True
780,141,58,161,119,44,True
781,8,67,14,11,38,False
782,112,16,67,11,58,True
783,92,40,55,29,36,False
784,412,236,75,102,90,True
785,25,110,420,117,106,False
786,150,163,53,29,121,False
787,105,60,67,16,157,True
788,77,126,236,7,37,False
789,75,21,44,92,238,True
790,122,22,115,79,117,False
791,103,16,24,113,18,True
792,50,18,267,3,36,False
793,19,96,23,131,117,True
794,96,90,64,48,201,False
795,99,516,11,136,21,True
796,86,26,141,84,29,True
797,22,238,412,105,59,False
798,516,2,42,201,67,False
799,57,154,40,18,1,True
800,37,113,103,24,236,False
801,254,202,245,58,432,True
802,85,43,61,236,141,False
803,19,222,99,267,68,True
804,14,43,51,42,516,False
805,21,8,238,63,59,True
806,63,24,11,55,81,True
807,157,143,19,31,29,False
808,103,236,57,240,44,True
809,8,121,40,96,1,False
810,53,121,157,122,498,True
811,84,36,236,40,75,False
812,48,497,34,498,79,True
813,20,51,126,85,38,False
814,429,141,13,117,6,False
815,40,34,92,19,236,True
816,202,86,63,102,40,True
817,432,45,64,14,429,False
818,53,90,36,236,27,True
819,75,96,107,412,41,False
820,117,34,266,222,57,False
821,86,1,498,113,267,True
822,21,76,201,157,245,False
823,11,54,63,90,22,True
824,119,150,12,61,5,True
825,25,79,163,516,18,False
826,141,103,498,201,39,False
827,134,62,67,157,111,True
828,238,21,24,92,37,True
829,53,29,1,23,19,False
830,64,150,25,67,99,False
831,119,75,106,91,127,True
832,69,240,11,18,12,True
833,15,154,53,34,48,False
834,412,420,99,96,113,False
835,102,89,21,23,84,True
836,57,238,12,50,222,True
837,236,111,60,150,101,False
838,23,58,516,498,143,True
839,157,24,89,55,19,False
840,40,96,4,154,80,True
841,58,412,29,61,254,False
842,44,17,103,51,24,True
843,11,131,201,222,516,False
844,61,54,33,267,202,True
845,102,497,432,51,86,False
846,31,59,103,498,62,True
847,41,53,4,254,29,False
848,143,29,76,103,420,True
849,9,59,69,23,96,False
850,236,107,1,31,8,True
851,7,10,80,37,498,False
852,497,420,39,51,38,False
853,57,222,53,75,157,True
854,82,57,40,115,18,True
855,119,84,105,64,37,False
856,91,83,121,201,29,True
857,412,61,202,120,150,False
858,43,19,222,16,92,True
859,498,89,24,59,127,False
860,64,82,53,10,202,True
861,30,67,58,412,29,False
862,59,157,236,84,25,False
863,117,516,67,64,1,True
864,412,67,59,131,27,True
865,105,157,16,81,62,False
866,53,104,24,21,245,False
867,91,150,412,29,79,True
868,89,1,15,102,24,False
869,74,18,113,16,131,True
870,62,24,55,17,21,True
871,18,4,267,64,6,False
872,102,86,112,51,37,True
873,420,119,8,1,77,False
874,245,59,18,53,57,False
875,113,63,110,120,92,True
876,8,59,53,92,429,True
877,96,33,58,16,157,False
878,12,268,19,429,32,False
879,141,498,134,6,412,True
880,57,81,37,5,131,False
881,412,254,421,222,157,True
882,83,44,104,24,29,True
883,157,267,141,222,11,False
884,245,107,267,164,22,False
885,53,33,78,29,90,True
886,117,59,157,79,96,False
887,222,412,121,31,238,True
888,427,141,22,90,53,False
889,432,55,122,236,106,True
890,37,15,79,92,238,False
891,131,110,59,164,16,True
892,117,67,105,79,59,False
893,119,38,92,19,267,True
894,61,25,96,41,64,True
895,57,516,45,236,202,False
896,64,268,201,122,15,False
897,18,39,19,115,35,True
898,114,238,1,33,110,True
899,91,24,267,150,18,False
900,59,3,79,53,119,True
901,236,51,11,24,111,False
902,59,58,61,497,498,True
903,48,34,51,16,19,False
904,37,86,222,141,1,True
905,60,7,498,40,23,False
906,122,117,45,31,18,True
907,498,141,420,61,37,False
908,37,45,79,157,202,False
909,22,1,19,36,412,True
910,222,63,103,39,57,True
911,79,236,48,412,6,False
912,80,19,22,497,45,True
913,15,25,9,24,7,False
914,61,40,154,21,59,False
915,60,62,18,53,103,True
916,40,420,254,163,202,True
917,55,23,18,59,89,False
918,21,37,74,6,28,False
919,99,1,51,79,64,True
920,11,67,57,267,236,True
921,4,254,412,119,75,False
922,59,141,61,57,18,False
923,22,64,133,74,497,True
924,102,412,24,42,13,False
925,40,134,498,91,19,True
926,420,34,119,19,133,False
927,62,84,222,266,89,True
928,56,29,157,103,117,True
929,412,84,126,236,141,False
930,429,32,68,42,16,True
931,13,62,63,119,141,False
932,497,429,48,58,8,True
933,18,75,498,43,19,False
934,67,12,113,75,161,True
935,112,202,412,107,141,False
936,131,222,60,72,40,False
937,25,18,420,8,141,True
938,18,40,141,24,115,True
939,498,37,150,20,61,False
940,79,429,120,30,223,False
941,82,412,18,238,121,True
942,21,143,59,17,55,True
943,51,61,24,40,41,False
944,45,19,81,17,412,True
945,141,1,222,163,53,False
946,64,516,103,89,51,True
947,222,80,141,50,25,False
948,432,19,21,163,238,True
949,105,17,89,222,28,False
950,67,57,19,223,91,False
951,34,120,222,37,238,True
952,16,112,64,36,67,True
953,86,29,90,25,57,False
954,157,16,163,222,121,False
955,60,90,59,44,96,True
956,143,19,67,74,497,True
957,105,498,17,112,33,False
958,96,412,81,26,157,False
959,61,105,110,89,64,True
960,516,105,81,75,412,True
961,63,17,110,112,121,False
962,28,238,58,429,37,False
963,17,18,40,55,254,True
964,59,85,28,111,222,True
965,24,112,21,89,86,False
966,238,164,29,266,412,False
967,18,267,102,23,90,True
968,53,98,105,28,67,True
969,114,89,161,64,222,False
970,121,17,161,29,497,True
971,63,23,19,67,1,False
972,29,3,1,11,516,True
973,77,31,69,89,119,False
974,120,18,99,68,14,False
975,240,31,21,89,238,True
976,17,37,50,36,18,False
977,429,54,19,40,41,True
978,222,254,111,17,55,True
979,90,64,117,236,240,False
980,17,131,62,44,202,False
981,236,99,141,134,86,True
982,79,516,236,105,37,False
983,40,141,17,103,81,True
984,90,6,44,33,21,False
985,157,268,236,111,60,True
986,202,143,90,104,150,False
987,201,222,45,24,59,True
988,63,22,17,20,57,False
989,141,161,3,23,18,True
990,18,27,134,62,516,False
991,122,72,40,161,96,True
992,150,1,89,498,24,True
993,59,58,201,61,15,False
994,61,266,516,16,15,False
995,92,117,67,24,143,True
996,14,25,141,498,497,True
997,267,238,113,51,1,False
998,429,114,143,34,35,True
999,103,516,119,80,432,False
1000,157,12,48,29,90,True
1001,19,15,67,432,31,False
1002,24,18,92,33,115,True
1003,99,202,412,516,57,False
1004,29,4,60,267,516,True
1005,432,238,126,18,76,False
1006,36,79,29,42,14,False
1007,17,61,5,58,202,True
1008,254,25,202,36,91,False
1009,92,117,61,77,67,True
1010,19,23,12,45,498,False
1011,90,53,164,22,80,True
1012,19,10,133,90,240,False
1013,63,3,64,40,22,True
1014,79,96,117,157,67,True
1015,59,51,103,3,41,False
1016,245,98,45,21,102,False
1017,150,64,202,40,238,True
1018,238,99,17,89,5,False
1019,21,3,122,203,90,True
1020,79,201,23,236,61,True
1021,53,29,157,150,81,False
1022,18,81,12,62,27,True
1023,154,498,84,201,126,False
1024,53,41,61,236,203,False
1025,25,2,103,121,21,True
1026,412,64,202,3,90,False
1027,114,34,498,48,516,True
1028,122,42,81,19,40,False
1029,50,133,103,412,20,True
1030,64,56,81,5,432,True
1031,99,202,91,23,131,False
1032,5,161,67,157,89,True
1033,37,21,102,58,115,False
1034,120,45,157,69,51,True
1035,81,267,6,113,112,False
1036,134,111,64,6,18,False
1037,34,89,2,41,81,True
1038,5,67,40,420,34,False
1039,131,236,497,157,106,True
1040,268,117,141,516,202,True
1041,67,76,79,78,86,False
1042,16,85,67,64,91,False
1043,115,78,23,29,17,True
1044,106,85,18,16,41,True
1045,202,64,412,57,103,False
1046,1,19,11,18,25,True
1047,45,23,3,4,202,False
1048,90,27,63,19,104,False
1049,67,57,164,134,117,True
1050,121,78,223,21,157,True
1051,202,99,25,106,62,False
1052,154,1,25,133,22,False
1053,96,412,63,64,54,True
1054,25,64,45,57,222,True
1055,90,150,32,1,21,False
1056,68,245,106,29,63,True
1057,267,75,62,105,18,False
1058,202,31,90,79,143,False
1059,412,154,69,67,58,True
1060,32,1,80,81,12,False
1061,48,103,67,117,141,True
1062,202,17,91,57,86,False
1063,92,69,31,412,18,True
1064,99,154,67,40,27,True
1065,11,2,96,16,268,False
1066,202,86,45,89,141,True
1067,54,29,157,117,103,False
1068,37,21,111,61,67,False
1069,58,201,96,10,50,True
1070,21,1,141,236,98,True
1071,81,432,61,254,157,False
1072,29,102,39,53,238,True
1073,17,67,99,157,141,False
1074,29,115,24,57,40,False
1075,27,19,143,161,498,True
1076,24,40,55,18,80,True
1077,51,26,56,63,75,False
1078,16,45,96,19,75,True
1079,58,90,21,79,267,False
1080,18,32,4,40,64,False
1081,33,267,67,133,8,True
1082,26,114,141,245,67,True
1083,163,497,498,11,58,False
1084,115,114,111,121,81,True
1085,29,5,101,75,44,False
1086,25,39,67,74,11,False
1087,111,21,75,115,33,True
1088,37,51,24,61,33,True
1089,103,2,86,67,117,False
1090,105,16,54,29,4,False
1091,67,136,63,11,80,True
1092,161,85,121,61,67,True
1093,38,5,18,23,1,False
1094,33,516,115,119,44,False
1095,121,37,13,31,202,True
1096,59,53,48,163,222,True
1097,101,516,12,202,11,False
1098,37,202,141,64,161,True
1099,117,53,77,21,17,False
1100,19,122,161,110,67,False
1101,150,223,18,34,36,True
1102,238,23,16,18,203,True
1103,38,498,89,39,19,False
1104,516,21,99,16,33,False
1105,202,238,106,80,143,True
1106,25,99,41,119,9,False
1107,254,111,202,30,150,True
1108,25,51,23,34,56,True
1109,105,111,202,57,58,False
1110,89,113,115,67,122,True
1111,105,35,21,516,223,False
1112,236,89,59,238,141,True
1113,61,106,58,37,18,False
1114,21,98,267,61,19,True
1115,11,42,110,23,40,False
1116,21,32,25,27,103,True
1117,498,99,79,412,19,False
1118,161,41,157,29,79,True
1119,16,22,114,63,102,False
1120,122,67,10,43,3,True
1121,412,34,105,18,121,False
1122,9,412,18,75,13,False
1123,112,58,29,40,131,True
1124,18,134,201,11,54,True
1125,53,20,48,69,22,False
1126,89,67,203,79,99,True
1127,38,119,58,5,497,False
1128,141,85,53,21,31,False
1129,245,157,117,516,96,True
1130,18,19,69,44,126,False
1131,40,11,91,1,21,True
1132,1,53,141,22,32,False
1133,254,18,25,79,497,True
1134,141,31,27,44,29,True
1135,111,22,89,157,19,False
1136,53,24,1,119,14,True
1137,222,23,45,497,64,False
1138,81,104,497,429,516,False
1139,90,113,99,18,54,True
1140,29,6,11,223,157,False
1141,33,412,8,18,90,True
1142,4,111,498,57,141,True
1143,236,92,32,43,41,False
1144,122,92,4,236,37,True
1145,40,110,245,80,5,False
1146,18,24,48,143,99,False
1147,245,16,23,113,22,True
1148,266,429,412,157,17,True
1149,92,136,96,45,102,False
1150,126,18,61,79,90,True
1151,238,421,26,10,21,False
1152,516,24,498,26,45,False
1153,56,58,85,22,44,True
1154,42,9,89,48,86,True
1155,78,11,53,67,112,False
1156,99,62,516,11,498,False
1157,141,53,29,4,17,True
1158,21,89,34,11,111,False
1159,75,236,79,13,497,True
1160,122,161,2,89,119,True
1161,59,29,141,267,112,False
1162,110,150,112,143,141,False
1163,254,498,497,516,55,True
1164,43,141,150,29,131,True
1165,22,103,28,58,111,False
1166,141,38,22,16,62,True
1167,14,24,57,238,15,False
1168,420,81,76,432,112,True
1169,163,16,121,67,92,False
1170,29,238,68,40,121,True
1171,75,53,131,157,202,False
1172,222,31,106,90,412,False
1173,48,82,67,40,115,True
1174,61,113,53,6,29,True
1175,18,497,99,64,126,False
1176,51,104,92,55,16,False
1177,43,110,13,150,19,True
1178,53,61,59,18,86,True
1179,67,516,60,16,34,False
1180,222,150,8,141,267,False
1181,37,19,21,126,157,True
1182,420,18,267,57,81,True
1183,157,14,19,236,25,False
1184,19,150,45,18,16,False
1185,11,99,75,40,22,True
1186,267,25,119,35,75,False
1187,17,236,89,24,245,True
1188,113,114,79,202,157,False
1189,119,92,134,89,420,True
1190,79,67,35,86,412,False
1191,126,54,157,498,40,True
1192,126,91,9,99,67,True
1193,18,61,58,154,40,False
1194,498,31,89,86,79,True
1195,58,61,497,236,19,False
1196,2,51,412,115,31,False
1197,19,15,53,18,240,True
1198,22,2,58,131,89,True
1199,40,57,236,5,4,False
1200,103,236,98,14,28,True
1201,412,222,5,23,238,False
1202,33,44,18,103,86,True
1203,75,89,119,81,154,False
1204,51,201,90,104,58,False
1205,91,113,59,236,81,True
1206,114,89,222,1,29,False
1207,141,63,40,22,80,True
1208,59,40,15,90,56,False
1209,201,19,14,18,112,True
1210,81,90,23,17,99,False
1211,29,11,45,150,12,True
1212,17,4,104,119,16,False
1213,111,29,24,103,54,True
1214,98,421,202,4,16,True
1215,26,498,58,8,19,False
1216,3,25,59,51,92,True
1217,23,202,81,40,111,False
1218,267,254,18,103,39,True
1219,91,133,53,96,60,False
1220,113,103,89,18,24,True
1221,1,121,111,222,131,False
1222,56,240,157,429,516,False
1223,84,39,67,432,254,True
1224,101,497,64,429,27,True
1225,143,59,29,126,161,False
1226,45,16,164,15,33,False
1227,23,5,40,202,61,True
1228,86,99,429,32,25,False
1229,79,38,81,497,50,True
1230,37,113,222,23,103,False
1231,202,59,54,45,16,True
1232,110,59,4,16,120,True
1233,236,78,141,267,99,False
1234,266,157,37,17,21,True
1235,236,92,267,238,77,False
1236,84,68,59,267,202,False
1237,25,67,141,245,58,True
1238,222,412,516,23,84,False
1239,75,74,63,19,29,True
1240,222,111,4,11,6,True
1241,75,141,1,51,98,False
1242,222,64,31,105,201,False
1243,238,11,63,122,18,True
1244,412,254,202,245,27,True
1245,141,37,236,23,61,False
1246,45,32,78,99,21,False
1247,1,81,63,62,150,True
1248,111,18,131,38,516,True
1249,89,122,15,102,13,False
1250,18,122,412,154,61,True
1251,91,80,43,236,32,False
1252,120,114,67,99,267,True
1253,92,53,7,11,236,False
1254,42,57,201,19,96,True
1255,28,222,245,40,114,False
1256,59,64,222,55,412,True
1257,29,238,98,33,17,False
1258,57,96,516,412,61,False
1259,245,40,64,236,31,True
1260,64,4,110,150,412,True
1261,37,57,67,427,1,False
1262,99,14,122,29,37,True
1263,25,236,33,58,161,False
1264,15,57,81,254,111,True
1265,59,53,103,23,22,False
1266,45,86,119,163,11,True
1267,35,131,21,41,99,False
1268,157,11,498,34,12,False
1269,81,40,4,64,126,True
1270,30,163,201,113,236,False
1271,429,60,53,61,157,True
1272,18,516,203,114,245,False
1273,141,69,64,27,202,True
1274,63,106,57,89,15,False
1275,53,5,51,7,75,True
1276,26,19,57,7,51,True
1277,92,222,238,113,16,False
1278,18,134,421,40,57,True
1279,24,240,268,412,15,False
1280,92,51,37,4,33,False
1281,20,8,222,101,201,True
1282,29,57,16,164,4,False
1283,157,429,48,412,3,True
1284,40,516,32,119,41,True
1285,15,238,78,111,60,False
1286,238,82,48,67,40,False
1287,412,29,245,157,141,True
1288,254,30,16,81,8,True
1289,45,222,5,497,32,False
1290,163,254,57,29,157,False
1291,114,30,67,53,19,True
1292,157,421,84,16,110,True
1293,68,117,202,19,238,False
1294,111,245,59,37,29,True
1295,202,99,126,103,11,False
1296,3,22,99,11,112,True
1297,43,39,19,67,157,False
1298,119,157,38,223,131,False
1299,79,412,240,67,238,True
1300,35,23,15,37,99,False
1301,38,51,53,141,27,True
1302,516,61,29,121,75,True
1303,32,18,34,58,37,False
1304,21,412,75,154,1,False
1305,121,134,82,266,498,True
1306,40,61,5,22,2,True
1307,58,105,76,18,89,False
1308,29,63,31,28,89,True
1309,5,57,412,119,103,False
1310,58,121,16,222,157,True
1311,105,236,117,516,62,False
1312,7,412,29,54,79,True
1313,202,131,17,141,201,False
1314,141,157,99,110,98,False
1315,58,497,55,24,29,True
1316,102,222,84,40,83,False
1317,99,11,114,110,103,True
1318,33,75,63,3,18,True
1319,157,37,86,64,22,False
1320,92,161,67,113,516,True
1321,497,31,222,7,122,False
1322,17,99,22,412,5,True
1323,58,105,222,16,50,False
1324,99,421,18,24,17,True
1325,267,163,516,81,8,False
1326,61,18,40,57,122,False
1327,113,42,117,24,21,True
1328,131,25,21,236,6,True
1329,516,245,119,111,79,False
1330,75,12,4,62,96,True
1331,498,112,141,89,27,False
1332,80,78,18,412,127,False
1333,3,64,91,236,44,True
1334,40,59,81,23,99,True
1335,516,201,236,24,38,False
1336,21,34,121,92,89,True
1337,19,141,412,202,236,False
1338,96,69,5,78,31,True
1339,17,11,222,99,45,False
1340,222,40,121,48,38,True
1341,57,267,18,58,103,False
1342,222,79,92,40,245,False
1343,63,78,29,238,59,True
1344,38,202,150,25,60,False
1345,30,238,33,498,412,True
1346,19,238,74,37,15,False
1347,75,117,45,18,121,True
1348,36,429,23,53,268,False
1349,38,141,40,222,80,True
1350,38,201,18,60,75,True
1351,85,79,17,498,267,False
1352,62,245,81,32,59,False
1353,121,222,23,91,117,True
1354,10,18,131,31,14,False
1355,236,412,77,23,45,True
1356,21,59,2,8,26,False
1357,141,99,53,157,236,True
1358,102,67,12,8,157,True
1359,15,412,69,104,39,False
1360,32,222,238,157,12,True
1361,81,141,45,23,115,False
1362,117,61,67,11,59,True
1363,122,236,60,238,16,False
1364,238,58,21,32,267,False
1365,18,37,254,1,86,True
1366,22,113,53,245,39,False
1367,81,26,23,45,98,True
1368,55,17,121,96,78,True
1369,90,22,141,122,412,False
1370,117,18,24,78,61,True
1371,6,103,104,498,16,False
1372,103,92,19,99,22,False
1373,98,240,113,18,91,True
1374,22,150,12,19,29,False
1375,23,67,101,20,44,True
1376,44,119,56,131,516,False
1377,23,32,432,21,105,True
1378,150,141,103,40,222,True
1379,12,4,79,81,68,False
1380,35,1,31,99,22,True
1381,222,103,80,106,53,False
1382,161,91,18,55,33,True
1383,40,266,31,17,119,False
1384,60,37,4,119,20,False
1385,23,222,238,57,117,True
1386,136,40,67,33,58,False
1387,117,96,141,134,516,True
1388,45,32,18,40,150,False
1389,60,14,21,412,245,True
1390,498,106,2,37,105,True
1391,67,89,57,69,150,False
1392,4,18,48,102,44,False
1393,74,268,53,120,498,True
1394,157,119,267,105,59,False
1395,121,90,202,150,12,True
1396,111,157,105,222,10,True
1397,141,29,45,238,9,False
1398,92,103,22,53,24,True
1399,34,67,89,11,122,False
1400,238,498,497,154,6,False
1401,60,22,117,101,92,True
1402,133,412,21,245,91,False
1403,98,18,12,33,105,True
1404,92,67,33,16,112,True
1405,102,98,40,51,157,False
1406,1,31,37,5,236,False
1407,22,75,45,105,203,True
1408,51,131,267,113,5,True
1409,74,79,201,157,81,False
1410,427,44,82,90,18,True
1411,157,31,59,67,40,False
1412,92,19,29,40,55,True
1413,91,516,498,16,59,False
1414,91,16,85,202,141,True
1415,117,42,18,54,28,False
1416,22,24,23,245,50,True
1417,76,75,131,18,19,False
1418,157,31,22,40,103,True
1419,117,25,15,122,238,False
1420,202,40,7,126,31,False
1421,35,22,58,412,34,True
1422,1,131,412,21,75,False
1423,498,53,85,238,104,True
1424,53,157,19,83,96,True
1425,91,25,236,516,32,False
1426,29,412,121,90,58,True
1427,86,8,201,67,141,False
1428,102,4,126,40,119,False
1429,62,79,103,29,412,True
1430,432,57,99,141,18,True
1431,222,201,75,59,38,False
1432,92,236,25,61,77,False
1433,3,41,157,89,110,True
1434,15,53,105,39,427,True
1435,203,98,48,429,8,False
1436,69,39,201,59,21,False
1437,236,12,18,121,103,True
1438,50,8,37,29,24,True
1439,11,67,267,122,134,False
1440,223,64,90,157,18,False
1441,498,59,31,55,16,True
1442,120,67,53,61,114,False
1443,16,161,24,202,60,True
1444,202,267,134,420,33,True
1445,1,498,17,516,16,False
1446,143,22,236,122,80,False
1447,420,113,157,18,43,True
1448,37,498,254,61,58,False
1449,43,122,1,121,67,True
1450,164,105,40,119,5,False
1451,53,143,31,18,23,True
1452,81,266,5,12,110,True
1453,161,24,236,3,17,False
1454,37,134,75,86,22,False
1455,11,157,29,89,90,True
1456,236,107,99,141,40,False
1457,143,121,1,58,18,True
1458,67,37,63,82,24,False
1459,64,53,238,31,202,True
1460,141,238,96,117,498,True
1461,14,17,497,35,119,False
1462,103,5,37,27,222,False
1463,18,3,19,497,59,True
1464,5,25,29,58,17,False
1465,45,23,141,9,222,True
1466,99,254,412,236,150,False
1467,429,89,33,57,245,True
1468,245,12,24,67,17,False
1469,63,122,5,51,43,True
1470,53,266,18,59,115,True
1471,516,267,4,21,24,False
1472,103,51,267,420,141,False
1473,7,67,154,497,57,True
1474,81,16,38,106,75,True
1475,12,99,15,126,421,False
1476,53,24,22,61,11,True
1477,45,17,67,77,63,False
1478,26,202,79,238,5,True
1479,19,85,157,18,25,False
1480,35,92,412,105,202,False
1481,222,121,53,497,38,True
1482,18,58,53,55,117,True
1483,32,92,157,412,51,False
1484,201,18,10,33,99,False
1485,48,103,32,43,67,True
1486,141,99,157,54,236,False
1487,96,64,92,63,412,True
1488,61,68,110,16,62,False
1489,40,18,75,8,141,True
1490,131,412,77,236,62,True
1491,164,67,516,63,53,False
1492,122,245,201,78,15,False
1493,29,17,5,43,63,True
1494,29,23,157,35,497,False
1495,412,67,63,11,17,True
1496,222,497,54,33,61,False
1497,157,236,98,421,9,True
1498,45,238,133,39,202,True
1499,25,20,24,498,157,False
1500,61,51,267,14,141,True
1501,222,55,64,17,412,False
1502,67,267,102,101,24,False
1503,92,103,412,59,18,True
1504,12,104,55,17,498,False
1505,238,236,33,74,40,True
1506,11,54,498,134,497,False
1507,16,421,92,67,103,True
1508,67,3,85,16,11,False
1509,37,84,254,50,236,True
1510,75,22,44,4,78,True
1511,60,31,51,79,236,False
1512,86,37,23,85,18,False
1513,55,22,33,516,40,True
1514,86,29,19,38,16,True
1515,106,99,35,17,222,False
1516,150,29,53,64,157,False
1517,59,89,81,141,28,True
1518,98,131,429,81,23,False
1519,78,18,79,103,516,True
1520,4,44,92,64,67,True
1521,76,36,119,112,90,False
1522,16,7,29,67,75,False
1523,81,32,25,202,91,True
1524,136,222,57,40,75,True
1525,51,80,1,64,53,False
1526,245,106,39,10,96,False
1527,21,102,44,157,105,True
1528,16,420,161,104,15,True
1529,81,99,28,12,150,False
1530,432,69,254,150,202,True
1531,67,516,99,53,17,False
1532,19,51,101,86,516,True
1533,57,89,96,141,69,False
1534,29,84,59,40,238,False
1535,105,60,21,6,143,True
1536,11,420,7,89,21,False
1537,86,5,29,25,105,True
1538,111,113,98,67,157,False
1539,90,38,24,161,18,True
1540,40,41,18,141,8,False
1541,112,62,48,44,222,True
1542,57,141,238,18,412,True
1543,4,113,117,92,29,False
1544,203,103,497,498,126,False
1545,16,21,26,83,121,True
1546,202,117,131,157,141,False
1547,18,99,12,23,86,True
1548,18,42,57,23,497,True
1549,58,267,35,163,498,False
1550,150,99,110,9,61,False
1551,122,40,15,33,38,True
1552,90,58,222,89,32,False
1553,41,67,69,40,203,True
1554,29,53,31,238,240,True
1555,498,516,112,114,120,False
1556,245,29,90,36,201,True
1557,53,32,222,115,83,False
1558,31,98,67,99,89,True
1559,34,37,236,48,80,False
1560,84,98,11,53,202,True
1561,15,267,79,13,31,False
1562,51,75,59,245,267,True
1563,1,18,92,412,141,False
1564,133,154,119,80,34,True
1565,63,23,238,53,29,False
1566,245,122,141,18,412,False
1567,119,12,90,120,75,True
1568,117,11,86,34,222,False
1569,154,74,91,21,59,True
1570,236,54,40,112,57,False
1571,120,115,24,267,67,True
1572,420,67,105,5,412,True
1573,99,19,12,81,122,False
1574,58,53,498,11,131,True
1575,74,19,157,222,412,False
1576,497,11,17,112,498,False
1577,29,157,31,59,267,True
1578,7,41,236,497,78,False
1579,104,67,53,154,115,True
1580,222,127,84,53,48,False
1581,21,17,37,62,57,True
1582,79,223,57,91,81,True
1583,58,131,110,412,62,False
1584,58,63,67,421,238,False
1585,157,154,75,498,516,True
1586,44,11,157,55,236,True
1587,21,74,43,23,245,False
1588,48,429,131,78,236,False
1589,25,79,24,498,497,True
1590,133,26,98,79,161,True
1591,121,24,268,25,21,False
1592,82,61,79,498,16,False
1593,64,18,43,91,122,True
1594,90,161,429,45,120,True
1595,67,99,25,39,5,False
1596,11,143,110,238,31,False
1597,63,19,236,85,157,True
1598,63,498,75,497,154,True
1599,18,59,412,3,141,False
1600,99,85,412,113,498,True
1601,126,18,64,39,12,False
1602,22,37,112,98,120,False
1603,150,498,113,238,412,True
1604,202,64,7,37,420,True
1605,41,103,254,498,20,False
1606,28,429,17,90,89,False
1607,38,412,31,254,498,True
1608,99,164,15,154,31,True
1609,32,238,429,85,89,False
1610,78,2,161,15,35,False
1611,18,11,38,40,92,True
1612,90,31,67,111,106,True
1613,121,12,29,238,59,False
1614,16,131,2,516,498,False
1615,91,67,161,106,122,True
1616,134,19,12,23,22,True
1617,267,67,64,4,17,False
1618,37,150,21,254,43,True
1619,40,45,86,110,50,False
1620,82,56,67,63,99,False
1621,1,19,80,51,412,True
1622,67,24,12,4,141,False
1623,40,41,79,498,34,True
1624,222,40,131,23,122,False
1625,134,420,5,37,18,True
1626,201,78,420,119,115,True
1627,203,53,202,14,112,False
1628,18,120,53,92,131,False
1629,105,20,57,21,1,True
1630,75,9,89,236,30,True
1631,8,119,11,412,122,False
1632,59,497,29,86,61,False
1633,238,85,117,33,18,True
1634,497,245,29,75,36,True
1635,67,19,122,45,78,False
1636,8,44,31,67,98,True
1637,19,150,81,37,38,False
1638,24,84,5,67,497,False
1639,17,80,29,74,59,True
1640,86,238,53,23,236,False
1641,21,245,143,203,17,True
1642,99,19,429,40,59,False
1643,80,117,202,157,35,True
1644,43,15,103,48,254,False
1645,62,16,96,24,84,True
1646,157,429,20,201,122,False
1647,43,92,28,45,202,True
1648,99,412,67,122,141,True
1649,119,75,57,32,86,False
1650,39,40,96,1,120,True
1651,18,25,236,11,54,False
1652,67,254,40,238,82,True
1653,240,121,498,63,61,False
1654,412,429,90,64,80,False
1655,114,59,29,16,245,True
1656,96,68,107,103,89,True
1657,19,53,21,236,98,False
1658,421,4,150,222,12,False
1659,43,98,18,59,134,True
1660,30,121,40,39,18,False
1661,141,23,161,202,412,True
1662,157,412,11,119,55,False
1663,421,51,61,74,40,True
1664,245,238,40,236,57,True
1665,202,141,267,25,240,False
1666,59,412,11,110,127,True
1667,141,55,54,497,81,False
1668,157,1,236,104,245,True
1669,57,74,516,14,21,False
1670,33,18,82,40,126,False
1671,62,37,245,29,121,True
1672,134,111,68,222,11,True
1673,89,91,19,22,6,False
1674,21,31,254,99,6,False
1675,50,67,33,91,40,True
1676,84,44,236,113,103,False
1677,45,32,67,31,161,True
1678,18,106,105,150,37,False
1679,516,25,79,254,202,True
1680,112,150,18,267,62,True
1681,11,111,44,236,119,False
1682,83,89,11,245,18,False
1683,497,33,105,498,24,True
1684,11,19,112,67,111,False
1685,236,412,74,81,121,True
1686,110,105,3,19,44,False
1687,412,54,62,61,498,True
1688,29,157,36,267,3,False
1689,55,106,19,236,122,True
1690,106,114,103,236,57,False
1691,18,1,77,157,91,True
1692,134,75,44,33,22,True
1693,81,113,2,99,103,False
1694,412,92,21,126,77,False
1695,429,45,141,61,58,True
1696,90,133,498,62,37,False
1697,126,55,18,76,143,True
1698,11,37,141,202,13,False
1699,57,62,63,104,29,True
1700,9,157,62,25,81,False
1701,64,222,114,103,21,True
1702,16,29,31,45,122,True
1703,15,7,23,37,19,False
1704,201,67,86,24,238,True
1705,15,59,420,111,99,False
1706,69,92,56,12,51,False
1707,432,157,41,115,33,True
1708,222,117,69,48,157,False
1709,21,45,27,113,44,True
1710,84,24,62,18,201,False
1711,39,32,37,25,15,True
1712,121,45,75,498,44,True
1713,126,43,141,202,89,False
1714,21,127,84,77,58,True
1715,80,254,161,91,29,False
1716,35,99,67,24,75,False
1717,31,157,22,412,11,True
1718,161,245,51,86,141,False
1719,412,32,115,11,21,True
1720,104,4,412,75,29,True
1721,18,11,40,516,103,False
1722,18,99,80,40,5,False
1723,103,79,126,111,202,True
1724,37,50,236,84,60,True
1725,421,61,58,110,497,False
1726,28,38,122,236,12,True
1727,29,134,78,1,64,False
1728,4,92,80,498,43,True
1729,57,117,22,141,157,False
1730,143,86,254,267,18,True
1731,34,64,23,16,119,False
1732,266,32,245,267,119,True
1733,21,412,103,6,19,False
1734,516,157,81,412,59,True
1735,115,113,222,53,150,False
1736,40,141,134,110,62,True
1737,4,19,53,67,58,False
1738,134,86,12,29,141,False
1739,16,11,119,26,57,True
1740,69,107,412,222,54,True
1741,64,29,266,1,53,False
1742,29,83,40,61,23,False
1743,117,119,69,245,420,True
1744,134,53,50,51,24,False
1745,21,59,25,2,267,True
1746,40,27,64,202,42,False
1747,92,59,81,134,37,True
1748,41,61,96,64,44,False
1749,40,131,28,222,157,True
1750,19,2,26,29,112,True
1751,61,427,67,17,412,False
1752,150,84,51,8,432,True
1753,79,105,498,64,59,False
1754,412,122,28,236,157,True
1755,19,12,29,91,92,False
1756,29,75,5,78,2,True
1757,157,60,23,16,96,False
1758,126,38,236,33,89,True
1759,110,35,99,91,17,False
1760,117,22,68,53,102,False
1761,143,32,77,38,67,True
1762,75,37,79,41,222,True
1763,22,412,1,54,157,False
1764,22,4,17,111,102,True
1765,61,40,14,59,29,False
1766,222,23,11,42,412,False
1767,201,61,24,27,18,True
1768,9,516,117,1,18,True
1769,157,98,141,43,29,False
1770,24,18,134,44,31,True
1771,110,39,56,90,201,False
1772,23,131,53,222,34,True
1773,24,31,21,84,267,False
1774,75,238,89,96,57,True
1775,157,143,10,498,62,False
1776,22,98,103,53,421,False
1777,25,18,122,121,236,True
1778,8,40,133,19,99,False
1779,498,114,33,134,117,True
1780,412,67,60,1,41,False
1781,98,25,96,420,103,True
1782,157,254,75,223,222,False
1783,22,238,53,17,121,True
1784,90,102,18,267,157,False
1785,27,141,202,117,245,True
1786,238,35,122,117,67,False
1787,119,99,516,412,36,True
1788,238,161,516,22,141,False
1789,33,58,498,25,61,True
1790,37,57,83,157,15,True
1791,59,8,24,67,43,False
1792,133,134,62,102,267,True
1793,51,16,163,126,33,False
1794,141,6,236,117,17,False
1795,201,134,64,24,29,True
1796,113,498,115,16,83,True
1797,92,61,40,96,102,False
1798,96,79,91,68,17,True
1799,29,412,141,223,103,False
1800,202,111,127,75,59,False
1801,68,236,103,53,5,True
1802,64,18,3,89,69,True
1803,35,222,101,17,53,False
1804,236,202,77,14,150,True
1805,126,1,39,432,18,False
1806,412,31,29,161,163,False
1807,150,99,98,18,40,True
1808,105,154,119,143,23,True
1809,54,99,1,22,89,False
1810,74,29,99,64,240,False
1811,18,11,1,92,25,True
1812,25,1,421,24,222,False
1813,18,61,89,80,54,True
1814,141,23,18,61,63,True
1815,79,37,236,21,222,False
1816,33,59,119,4,412,False
1817,40,236,11,254,34,True
1818,61,67,48,201,23,False
1819,122,32,45,117,110,True
1820,238,245,11,201,29,False
1821,33,222,412,62,92,True
1822,122,40,50,24,202,True
1823,161,74,113,59,222,False
1824,157,43,19,29,1,True
1825,222,80,45,164,53,False
1826,420,131,81,222,40,False
1827,29,14,203,7,86,True
1828,61,412,421,75,110,False
1829,15,113,44,236,84,True
1830,19,16,245,67,85,True
1831,18,79,103,412,80,False
1832,266,53,51,8,113,True
1833,15,112,412,19,41,False
1834,141,105,37,29,516,False
1835,25,202,412,104,122,True
1836,48,40,119,5,61,False
1837,113,236,84,54,1,True
1838,41,121,40,67,238,False
1839,61,498,24,59,53,True
1840,105,43,432,29,32,False
1841,59,81,516,55,58,True
1842,48,89,222,90,120,False
1843,134,59,18,16,50,True
1844,33,21,13,24,37,True
1845,157,223,61,18,35,False
1846,30,268,32,110,497,False
1847,57,222,113,134,40,True
1848,497,61,113,11,110,True
1849,202,98,63,5,143,False
1850,202,99,10,102,117,False
1851,92,69,201,254,18,True
1852,7,29,245,63,58,False
1853,56,202,25,102,4,True
1854,19,23,119,40,127,True
1855,61,14,15,516,56,False
1856,18,122,11,38,201,False
1857,92,498,56,45,40,True
1858,99,111,86,222,16,True
1859,29,114,37,19,163,False
1860,141,98,18,3,25,False
1861,27,90,34,429,11,True
1862,84,22,96,19,201,False
1863,99,119,63,421,122,True
1864,45,126,86,74,222,False
1865,412,498,11,55,17,True
1866,143,29,75,90,11,False
1867,498,40,3,59,115,True
1868,45,79,27,29,91,True
1869,238,150,498,117,113,False
1870,131,16,96,54,23,False
1871,18,11,40,25,86,True
1872,222,1,92,12,141,False
1873,89,90,82,421,18,True
1874,41,429,76,143,240,False
1875,23,222,99,79,1,True
1876,56,201,157,92,18,True
1877,29,267,27,134,48,False
1878,117,19,55,92,498,True
1879,222,42,114,141,412,False
1880,157,67,121,40,516,False
1881,267,119,1,122,113,True
1882,141,4,81,37,86,False
1883,18,104,245,117,5,True
1884,103,29,33,98,267,True
1885,141,61,58,18,497,False
1886,64,40,59,1,222,True
1887,32,157,16,96,50,False
1888,120,157,25,119,114,False
1889,41,40,7,141,133,True
1890,267,202,83,5,245,True
1891,17,79,90,63,238,False
1892,11,10,99,67,412,True
1893,106,89,15,245,126,False
1894,497,84,119,421,17,False
1895,27,38,67,59,14,True
1896,67,38,98,26,120,False
1897,22,17,24,157,9,True
1898,16,45,19,18,75,True
1899,110,41,245,102,412,False
1900,157,427,22,112,43,False
1901,18,92,99,59,117,True
1902,48,161,59,18,1,True
1903,498,39,412,141,57,False
1904,141,157,89,6,21,True
1905,222,5,245,412,58,False
1906,64,4,53,21,98,True
1907,114,54,32,90,29,False
1908,53,24,202,98,161,True
1909,412,81,23,68,99,False
1910,4,54,23,51,412,True
1911,29,223,92,154,236,False
1912,21,268,120,122,37,False
1913,92,141,497,103,29,True
1914,120,59,53,18,91,False
1915,74,40,67,57,79,True
1916,498,16,63,254,114,True
1917,86,8,18,117,131,False
1918,7,40,41,11,15,True
1919,59,64,117,29,90,False
1920,126,102,9,222,14,True
1921,18,58,43,236,79,False
1922,202,254,134,86,161,False
1923,113,114,497,238,110,True
1924,11,22,61,48,412,True
1925,64,50,67,45,12,False
1926,497,25,498,24,28,False
1927,80,19,91,29,1,True
1928,79,126,117,18,63,False
1929,5,99,113,119,223,True
1930,25,202,245,240,24,True
1931,83,432,238,6,113,False
1932,240,25,120,222,127,False
1933,18,58,37,102,1,True
1934,114,5,37,51,163,False
1935,45,82,19,89,21,True
1936,61,53,141,58,18,True
1937,75,33,81,16,1,False
1938,43,127,133,236,64,False
1939,113,134,498,37,107,True
1940,12,56,22,245,126,False
1941,41,9,79,45,81,True
1942,40,236,5,25,59,True
1943,238,254,42,113,79,False
1944,23,17,21,15,516,True
1945,44,29,45,75,19,False
1946,133,64,38,119,412,True
1947,15,432,34,113,41,False
1948,53,82,498,33,103,False
1949,111,120,58,63,67,True
1950,61,23,75,110,54,True
1951,164,236,32,40,74,False
1952,69,18,62,120,86,True
1953,51,103,141,40,68,False
1954,32,29,61,497,106,False
1955,59,99,21,31,432,True
1956,103,89,51,5,57,True
1957,432,163,18,120,111,False
1958,157,45,516,110,79,True
1959,9,90,201,81,86,False
1960,150,63,59,16,11,False
1961,79,267,50,112,222,True
1962,122,61,98,18,53,True
1963,25,81,42,120,84,False
1964,222,157,44,91,33,False
1965,202,23,59,143,34,True
1966,115,113,19,412,29,False
1967,18,44,104,98,26,True
1968,102,92,429,63,4,True
1969,45,498,98,497,120,False
1970,18,74,5,84,86,True
1971,31,107,497,157,51,False
1972,120,143,8,51,150,False
1973,27,25,79,40,119,True
1974,202,106,150,89,245,False
1975,157,122,40,32,110,True
1976,150,99,31,67,11,False
1977,86,56,55,40,51,True
1978,53,39,15,4,33,True
1979,76,81,119,141,412,False
1980,40,98,19,61,18,True
1981,75,157,110,33,267,False
1982,98,19,18,17,157,False
1983,11,236,497,24,245,True
1984,236,18,31,59,16,True
1985,29,43,11,61,122,False
1986,412,13,202,24,238,True
1987,516,157,18,12,60,False
1988,412,67,64,1,78,True
1989,51,11,126,45,37,False
1990,44,134,222,157,79,False
1991,254,223,22,90,16,True
1992,22,10,122,432,61,False
1993,64,201,29,92,131,True
1994,15,40,59,112,154,False
1995,157,104,24,53,115,True
1996,19,40,8,29,238,False
1997,10,21,412,103,11,True
1998,4,16,119,59,141,True
1999,50,40,75,121,15,False
