,adc,jg,mid,supp,top,win
0,29,64,1,63,240,True
1,51,24,238,432,17,False
2,236,107,238,99,54,False
3,96,92,103,25,62,True
4,222,24,238,63,150,False
5,51,5,61,53,41,True
6,21,141,103,99,122,False
7,15,59,112,25,85,True
8,96,157,134,143,50,True
9,110,35,61,40,150,False
10,15,254,163,497,126,False
11,81,19,50,412,24,True
12,29,64,69,53,126,True
13,119,102,61,40,41,False
14,67,28,91,16,57,True
15,18,5,268,40,58,False
16,498,121,55,497,14,False
17,22,77,4,12,80,True
18,29,62,79,267,84,False
19,21,19,81,63,86,False
20,18,57,103,106,240,True
21,67,104,101,9,23,True
22,18,141,55,14,114,False
23,29,79,127,432,420,False
24,51,5,115,16,86,True
25,67,19,45,99,75,False
26,429,32,103,201,41,True
27,96,11,105,89,92,False
28,18,31,238,143,75,True
29,498,59,1,497,24,False
30,18,20,112,26,126,False
31,15,59,161,412,23,True
32,236,5,245,267,6,False
33,21,33,45,25,27,True
34,51,19,101,40,58,True
35,18,19,34,53,14,False
36,29,79,134,16,58,True
37,29,141,99,412,75,False
38,202,113,157,63,57,True
39,96,79,134,37,516,False
40,67,24,38,99,157,True
41,18,32,161,412,8,True
42,15,154,238,63,54,False
43,29,164,1,63,75,True
44,96,19,99,12,516,False
45,22,59,238,99,31,False
46,67,516,90,117,75,True
47,51,77,84,412,18,True
48,81,59,20,53,39,False
49,29,19,43,53,48,False
50,18,5,101,117,122,True
51,18,64,45,98,62,False
52,21,57,103,412,69,True
53,498,19,99,64,57,True
54,29,113,103,412,17,False
55,15,102,103,25,17,True
56,96,32,245,40,516,False
57,18,154,38,25,41,True
58,96,64,105,40,75,False
59,81,20,133,53,157,False
60,18,102,117,40,236,True
61,498,120,245,99,3,False
62,18,60,103,267,59,True
63,21,19,63,37,17,True
64,67,28,91,432,420,False
65,51,120,238,40,74,True
66,18,31,161,89,92,True
67,81,141,38,412,420,False
68,96,79,238,53,57,True
69,67,120,69,267,6,False
70,18,64,43,78,10,False
71,119,141,115,497,39,True
72,67,79,236,40,58,True
73,18,11,4,31,22,True
74,119,60,91,53,23,True
75,15,11,42,267,105,False
76,51,19,99,223,150,True
77,110,254,103,432,75,False
78,222,121,41,44,114,True
79,222,427,4,16,80,False
80,29,77,238,432,17,True
81,222,57,13,40,24,True
82,15,59,115,412,98,False
83,222,76,91,53,13,False
84,22,141,161,78,516,True
85,18,64,99,16,20,True
86,498,32,45,412,79,False
87,29,5,99,432,23,True
88,498,120,38,267,17,False
89,67,141,112,117,75,False
90,202,5,30,89,75,False
91,67,79,45,14,92,True
92,18,113,157,43,8,True
93,29,120,238,267,58,False
94,67,121,26,201,57,True
95,21,31,245,53,39,False
96,18,35,34,40,58,False
97,29,203,163,412,12,True
98,202,141,134,267,23,True
99,222,64,25,143,58,False
100,18,5,41,35,516,False
101,22,59,7,99,14,True
102,18,32,34,89,17,True
103,202,56,157,40,68,False
104,29,11,50,201,75,True
105,51,19,103,89,27,False
106,498,141,238,412,5,False
107,110,79,91,53,41,True
108,29,121,85,267,164,False
109,96,62,112,44,516,True
110,18,113,105,9,150,False
111,96,154,157,412,86,True
112,29,35,157,1,240,False
113,222,120,238,99,14,True
114,110,254,134,99,85,False
115,18,121,105,117,31,True
116,22,56,8,89,68,True
117,222,59,112,43,24,False
118,222,29,238,57,10,True
119,236,133,61,25,92,False
120,222,113,4,16,84,True
121,67,121,105,37,114,False
122,15,11,42,412,157,False
123,18,20,79,37,17,True
124,21,82,238,37,122,True
125,222,79,157,99,54,False
126,119,24,84,16,75,True
127,15,19,105,99,80,False
128,29,36,79,412,57,True
129,110,11,136,98,59,True
130,42,11,105,17,14,False
131,18,141,45,412,27,True
132,18,59,63,497,77,False
133,236,28,99,40,92,True
134,22,133,81,57,74,False
135,18,33,38,25,150,False
136,22,59,245,412,31,True
137,236,245,91,412,75,False
138,18,23,115,267,41,True
139,498,102,157,412,50,True
140,22,60,81,432,150,False
141,29,254,245,25,10,True
142,236,141,157,40,8,True
143,21,121,38,117,92,False
144,222,57,103,111,133,False
145,29,64,105,16,23,True
146,51,11,157,412,150,False
147,202,121,25,40,36,True
148,202,11,7,111,17,True
149,18,64,1,40,122,False
150,119,77,8,99,245,True
151,22,19,134,12,516,False
152,29,254,69,44,6,False
153,96,28,236,497,85,True
154,21,60,37,412,80,False
155,498,104,238,432,27,True
156,96,64,105,26,133,False
157,202,9,74,25,23,True
158,429,102,42,89,58,False
159,222,57,245,223,58,False
160,81,59,99,201,6,True
161,18,64,55,143,41,False
162,51,9,236,16,98,True
163,29,20,105,117,92,False
164,96,106,8,16,86,True
165,236,60,4,16,92,False
166,222,254,63,201,17,True
167,498,54,103,25,106,False
168,96,102,99,43,57,False
169,110,141,202,267,106,True
170,29,11,26,43,122,False
171,202,56,115,12,58,True
172,22,421,101,497,92,True
173,119,121,163,12,164,False
174,119,77,74,12,122,False
175,222,59,38,497,92,True
176,51,19,50,143,420,True
177,202,107,163,37,516,False
178,22,9,163,412,83,False
179,29,64,99,117,24,True
180,18,104,134,16,83,True
181,22,59,90,412,106,False
182,202,32,85,134,86,True
183,21,254,25,40,266,False
184,18,59,91,497,14,True
185,67,121,3,37,79,False
186,81,117,90,201,122,True
187,222,31,1,53,164,False
188,67,113,136,89,10,False
189,29,102,91,412,50,True
190,110,57,30,40,17,False
191,67,59,61,117,92,True
192,15,19,245,143,58,True
193,236,11,38,497,82,False
194,96,421,105,10,98,False
195,498,102,45,516,12,True
196,429,106,90,412,48,True
197,22,48,245,516,82,False
198,51,33,163,412,24,True
199,15,141,105,59,114,True
200,18,48,4,412,104,False
201,21,59,245,117,75,False
202,18,62,7,412,6,True
203,498,79,91,53,141,False
204,15,79,245,40,157,True
205,222,28,10,412,24,False
206,18,54,76,412,240,True
207,202,127,157,43,141,False
208,51,113,238,37,75,True
209,15,19,245,99,17,False
210,21,77,25,53,86,True
211,67,56,103,111,57,False
212,110,141,8,412,58,True
213,67,121,42,16,114,True
214,222,107,131,412,516,False
215,429,19,61,12,58,True
216,18,141,1,99,516,False
217,67,19,61,53,421,True
218,202,113,45,157,54,False
219,96,121,245,267,98,True
220,22,120,245,113,78,False
221,22,24,134,432,23,False
222,222,105,50,1,92,True
223,119,31,1,412,122,False
224,236,60,157,25,516,True
225,21,32,55,37,17,True
226,18,64,74,14,114,False
227,67,48,134,16,57,True
228,18,24,115,432,98,False
229,498,77,134,497,58,True
230,110,104,121,412,516,False
231,18,62,34,40,133,True
232,222,64,90,267,75,False
233,81,113,84,412,58,False
234,498,141,4,432,27,True
235,81,19,69,432,92,True
236,202,254,245,89,12,True
237,22,5,157,25,17,False
238,222,31,103,30,41,True
239,133,120,157,40,6,False
240,498,141,101,16,24,True
241,67,113,134,43,92,False
242,51,24,245,201,62,False
243,21,11,103,25,98,True
244,29,64,4,267,75,False
245,236,60,161,12,24,True
246,110,64,99,412,90,True
247,18,19,85,201,157,False
248,21,24,61,45,25,True
249,498,141,103,432,114,True
250,29,64,134,30,75,False
251,110,33,34,16,157,False
252,96,141,238,117,27,True
253,222,141,236,432,157,False
254,21,56,13,40,86,True
255,22,3,9,37,74,True
256,51,32,63,53,164,False
257,110,11,4,40,80,True
258,67,131,103,59,75,False
259,18,24,157,111,74,False
260,222,24,15,412,85,True
261,429,11,92,37,102,False
262,18,19,157,53,8,True
263,222,516,92,37,68,False
264,236,113,245,89,14,False
265,81,141,34,40,58,True
266,18,62,134,117,68,False
267,498,78,136,99,92,True
268,236,64,45,16,122,False
269,51,28,84,40,36,True
270,429,141,238,412,236,True
271,17,28,133,101,39,False
272,236,113,61,89,223,True
273,29,76,4,201,27,False
274,18,102,105,111,41,True
275,51,33,99,44,75,False
276,67,76,103,16,86,True
277,498,223,122,497,13,False
278,18,102,157,201,90,True
279,29,79,55,25,58,False
280,498,102,91,53,41,True
281,51,62,115,412,245,False
282,117,19,157,80,12,False
283,222,11,61,53,35,True
284,21,32,163,40,36,False
285,29,48,82,26,240,False
286,51,141,105,16,30,False
287,222,5,43,89,62,True
288,81,254,105,57,240,True
289,236,102,45,111,150,False
290,22,57,8,412,236,True
291,51,141,90,25,98,False
292,236,141,8,40,98,True
293,222,5,99,16,516,False
294,236,154,112,40,10,True
295,67,59,45,53,68,False
296,29,79,157,37,57,True
297,18,28,91,44,75,False
298,51,24,84,111,102,True
299,18,59,99,412,54,True
300,21,141,13,40,78,False
301,21,427,3,37,59,True
302,18,120,157,161,85,False
303,222,102,161,267,122,True
304,429,19,90,98,254,False
305,498,121,4,17,27,True
306,18,79,14,267,54,False
307,18,32,131,497,31,True
308,498,28,92,12,420,False
309,202,24,7,150,83,True
310,67,427,1,117,86,False
311,51,154,115,12,31,True
312,67,141,84,44,10,False
313,18,113,84,117,80,True
314,222,421,61,432,420,True
315,22,254,99,412,85,False
316,18,120,69,16,86,False
317,22,59,105,40,202,True
318,15,11,45,516,17,False
319,18,102,25,497,83,True
320,67,141,69,117,75,False
321,222,9,61,497,157,True
322,67,19,90,53,31,True
323,29,76,4,44,86,False
324,29,141,103,432,150,True
325,18,24,8,40,126,False
326,498,19,163,201,111,False
327,67,59,157,53,27,True
328,202,113,90,143,57,False
329,67,78,134,412,92,True
330,42,33,238,44,164,False
331,15,141,115,201,24,True
332,51,104,38,267,78,False
333,18,113,103,40,86,True
334,110,107,55,412,92,False
335,21,121,157,89,84,True
336,110,131,4,25,86,False
337,17,120,30,89,150,True
338,81,64,45,223,10,False
339,18,121,112,111,92,True
340,51,31,115,37,516,False
341,18,131,238,497,102,True
342,133,31,236,412,122,False
343,18,19,245,267,92,False
344,96,141,69,40,24,True
345,202,427,238,25,80,True
346,51,19,84,14,122,False
347,22,11,34,16,75,False
348,21,106,99,516,58,True
349,18,79,84,37,41,True
350,18,141,90,427,10,True
351,110,5,161,432,59,False
352,18,36,45,412,150,True
353,429,5,61,40,59,False
354,202,32,99,37,24,False
355,67,5,45,412,240,True
356,157,79,115,40,236,False
357,222,11,7,143,98,True
358,96,19,90,26,24,True
359,67,20,50,53,92,False
360,18,59,84,40,57,True
361,29,121,55,111,48,False
362,21,11,268,37,75,False
363,22,64,131,117,6,True
364,18,154,1,12,516,False
365,222,19,103,201,6,True
366,119,107,63,89,75,True
367,498,77,238,201,24,False
368,119,121,245,12,86,True
369,96,59,38,25,516,False
370,29,79,69,40,133,True
371,119,79,131,412,164,True
372,67,121,91,40,516,False
373,222,120,157,25,126,True
374,81,154,105,143,86,True
375,110,5,69,412,266,False
376,222,28,13,412,58,True
377,110,113,236,16,24,False
378,119,254,3,117,126,False
379,18,35,103,143,92,True
380,81,24,61,1,48,True
381,21,64,268,53,54,False
382,498,141,134,201,420,False
383,222,19,157,412,80,True
384,15,154,238,267,48,False
385,498,77,84,44,92,True
386,222,11,8,117,164,True
387,236,31,99,26,69,False
388,18,19,38,16,23,False
389,119,106,34,432,2,True
390,236,141,103,25,420,True
391,29,20,91,44,150,False
392,29,35,245,16,23,False
393,222,141,55,412,17,True
394,18,76,61,98,266,True
395,21,28,7,412,157,True
396,222,11,238,25,84,False
397,22,59,61,117,92,True
398,115,79,99,16,141,False
399,67,113,103,267,80,False
400,119,102,38,44,92,True
401,119,64,115,497,92,False
402,21,76,101,412,114,True
403,110,11,1,63,516,True
404,498,254,115,25,45,False
405,67,19,45,53,421,False
406,429,32,90,201,157,True
407,67,141,69,53,23,False
408,222,31,126,26,91,True
409,96,33,163,89,67,False
410,29,254,55,63,92,True
411,67,141,35,497,82,False
412,18,59,103,40,164,True
413,236,28,63,26,62,False
414,119,64,45,27,23,False
415,202,60,115,143,83,False
416,236,133,105,99,122,True
417,18,131,37,89,23,False
418,67,64,99,267,111,True
419,21,79,134,111,17,True
420,119,131,245,44,86,True
421,119,35,61,40,78,False
422,22,141,4,201,23,True
423,236,141,69,40,58,False
424,202,64,268,498,50,True
425,18,19,157,53,14,False
426,15,98,105,25,23,True
427,202,99,98,40,81,False
428,22,77,63,26,31,True
429,222,5,45,43,516,True
430,67,113,1,89,122,False
431,202,5,99,412,57,False
432,18,141,43,37,516,True
433,22,102,30,412,75,False
434,119,24,4,37,516,False
435,21,79,112,432,56,True
436,81,64,161,16,10,True
437,67,120,245,201,164,True
438,22,11,112,16,58,False
439,498,32,26,516,41,True
440,29,56,236,99,92,False
441,22,19,62,53,134,True
442,51,24,157,48,84,False
443,222,203,238,99,33,True
444,498,29,103,117,122,False
445,18,57,45,117,23,True
446,96,98,69,412,36,False
447,498,12,105,267,2,True
448,22,113,238,161,240,False
449,67,5,17,63,86,False
450,67,516,157,432,86,True
451,21,60,238,57,86,True
452,202,59,99,98,516,False
453,67,19,115,37,114,False
454,51,113,157,12,57,True
455,67,141,84,37,58,False
456,29,57,103,44,164,True
457,18,121,90,53,17,True
458,29,76,1,63,157,False
459,81,54,245,16,80,True
460,51,64,161,40,58,False
461,67,141,1,143,157,True
462,110,64,69,432,92,False
463,222,79,41,53,76,True
464,236,141,45,16,6,False
465,222,98,55,90,24,True
466,51,31,131,37,57,False
467,119,102,61,432,59,True
468,22,107,38,25,75,False
469,18,64,101,89,92,True
470,22,421,238,25,17,False
471,21,19,127,12,122,False
472,67,76,115,16,6,True
473,222,23,34,267,17,True
474,202,19,103,40,50,True
475,67,33,161,412,86,False
476,498,57,8,497,24,True
477,51,79,134,40,67,False
478,18,19,238,117,516,True
479,15,24,55,267,154,False
480,498,35,85,432,68,False
481,22,121,91,12,17,True
482,22,11,80,89,75,True
483,29,113,45,40,98,False
484,222,254,1,40,6,True
485,236,79,4,25,240,False
486,81,59,92,432,54,True
487,202,154,238,12,150,False
488,498,107,55,37,86,False
489,67,32,112,40,17,False
490,96,56,8,117,84,True
491,429,19,105,63,48,True
492,22,266,90,99,92,False
493,18,5,115,12,92,False
494,222,79,101,16,50,True
495,222,57,8,117,92,False
496,18,64,38,412,39,True
497,498,79,238,37,150,False
498,81,113,245,45,10,True
499,29,33,115,43,85,False
500,67,59,61,412,223,True
501,67,113,161,99,91,True
502,202,31,157,40,126,True
503,22,32,238,267,122,False
504,236,64,4,497,41,True
505,67,111,30,412,126,False
506,202,64,63,267,3,False
507,21,36,61,85,58,True
508,96,76,236,44,24,True
509,81,141,8,516,85,False
510,119,31,38,43,86,True
511,202,120,84,412,50,False
512,222,23,105,16,75,True
513,21,141,99,89,420,False
514,81,79,7,37,41,False
515,96,154,4,12,8,True
516,236,154,103,161,150,True
517,202,113,238,63,92,False
518,18,64,1,412,516,True
519,22,59,38,25,17,False
520,202,64,105,53,2,False
521,67,35,115,40,114,True
522,110,19,141,61,157,True
523,15,57,4,43,27,False
524,96,19,50,267,3,True
525,51,79,41,412,75,True
526,222,11,103,516,58,False
527,498,141,99,37,23,True
528,96,35,163,26,150,False
529,29,33,84,111,164,True
530,22,120,45,12,10,False
531,236,77,238,412,57,True
532,18,72,69,37,59,True
533,29,141,91,57,27,False
534,119,19,69,432,111,False
535,498,113,3,497,157,True
536,202,113,38,37,240,False
537,15,79,126,12,14,True
538,222,64,103,267,59,True
539,81,79,136,89,62,False
540,67,11,163,412,24,False
541,22,2,115,25,17,False
542,429,427,245,117,6,True
543,15,79,34,40,150,True
544,119,36,103,412,516,False
545,236,120,90,1,39,True
546,22,141,1,16,420,True
547,202,32,245,99,122,False
548,119,76,69,53,240,True
549,67,35,38,53,31,True
550,18,54,30,25,86,False
551,21,102,61,40,516,False
552,21,64,103,43,420,False
553,222,113,238,16,62,True
554,21,19,163,99,131,True
555,29,121,45,412,14,False
556,51,11,238,432,14,False
557,18,33,112,16,86,True
558,131,102,238,497,3,True
559,429,106,131,223,114,False
560,51,154,55,37,75,True
561,22,24,4,79,55,True
562,236,31,99,43,141,False
563,81,64,236,201,420,False
564,18,79,245,40,58,True
565,222,141,238,44,126,False
566,18,5,203,201,80,True
567,110,24,238,3,122,True
568,222,516,39,412,75,False
569,236,120,17,12,516,False
570,18,113,91,412,84,True
571,51,32,42,63,122,False
572,51,421,63,16,75,False
573,222,32,161,432,85,True
574,119,64,4,37,92,False
575,222,121,38,201,41,True
576,18,106,134,37,24,True
577,96,121,4,40,59,False
578,96,79,34,40,98,True
579,18,121,112,267,86,False
580,96,121,31,40,58,True
581,67,120,13,37,41,False
582,67,5,55,143,41,True
583,429,24,63,267,114,False
584,21,141,91,12,245,True
585,15,56,238,63,75,True
586,498,104,101,25,59,False
587,51,141,134,37,35,True
588,498,11,101,412,266,False
589,236,11,7,25,114,True
590,110,5,134,201,81,False
591,222,23,110,412,10,False
592,21,11,245,37,86,True
593,498,64,45,412,122,False
594,222,24,90,40,150,True
595,222,141,45,16,122,False
596,29,64,84,497,126,True
597,22,121,238,57,41,False
598,18,106,103,40,223,True
599,29,154,61,16,41,True
600,222,19,157,412,114,False
601,67,11,134,45,98,False
602,18,107,61,40,75,True
603,498,141,45,497,27,False
604,51,5,157,117,67,False
605,202,77,103,16,17,True
606,67,59,39,432,114,False
607,202,35,9,516,164,True
608,498,154,238,412,17,False
609,67,64,245,89,106,True
610,15,104,90,516,27,True
611,51,59,61,412,54,False
612,18,33,45,37,133,True
613,143,154,236,412,157,False
614,222,59,134,16,240,False
615,21,5,105,117,75,True
616,429,17,245,497,122,True
617,202,113,1,111,516,False
618,202,254,238,37,6,True
619,15,64,91,412,68,False
620,81,79,103,37,84,False
621,67,57,105,40,36,True
622,222,131,157,40,122,True
623,21,64,245,412,161,False
624,115,141,236,117,59,True
625,202,19,84,497,157,False
626,119,102,101,48,516,False
627,51,5,27,37,80,True
628,67,121,1,40,3,False
629,15,102,1,78,122,True
630,22,64,13,89,86,False
631,18,102,126,267,36,True
632,429,102,34,412,17,True
633,67,24,268,267,86,False
634,21,57,55,12,122,True
635,222,141,3,16,31,False
636,67,102,238,25,105,False
637,110,60,84,53,58,True
638,236,154,103,201,23,False
639,18,57,157,53,85,True
640,51,64,157,25,92,False
641,429,104,161,89,24,True
642,429,141,238,25,98,True
643,67,60,134,516,122,False
644,236,131,4,40,75,True
645,67,59,161,43,98,False
646,119,106,25,412,75,True
647,18,497,1,40,157,False
648,29,35,157,143,41,True
649,222,11,84,37,14,False
650,51,33,61,44,57,True
651,110,11,69,201,78,False
652,18,19,245,516,41,False
653,67,11,99,25,150,True
654,222,131,157,53,164,True
655,18,4,115,432,58,False
656,202,60,105,63,157,False
657,236,64,99,432,141,False
658,21,121,115,37,78,True
659,202,107,55,201,24,True
660,236,141,90,16,245,True
661,67,62,61,40,3,False
662,29,141,4,117,75,False
663,498,421,99,12,24,True
664,18,59,141,12,164,True
665,222,64,103,432,23,False
666,22,60,31,432,240,False
667,18,64,163,412,114,True
668,96,516,26,117,80,False
669,81,19,157,10,85,False
670,498,141,134,412,17,True
671,51,427,157,99,31,False
672,202,64,42,90,92,False
673,498,141,105,117,75,True
674,119,141,161,44,58,True
675,67,11,112,16,58,True
676,29,36,55,40,92,False
677,236,102,90,412,75,True
678,110,106,25,117,420,False
679,29,121,163,53,150,False
680,67,60,105,16,157,True
681,236,77,126,37,7,False
682,21,92,238,44,75,True
683,22,79,115,117,122,False
684,18,113,103,16,24,True
685,18,36,50,267,3,False
686,96,19,131,117,23,True
687,96,64,90,201,48,False
688,21,11,136,99,516,True
689,22,59,238,412,105,False
690,67,2,42,201,516,False
691,18,154,1,40,57,True
692,236,113,103,37,24,False
693,202,254,245,432,58,True
694,236,141,61,43,85,False
695,222,19,99,267,68,True
696,51,516,42,43,14,False
697,21,59,238,63,8,True
698,81,11,55,63,24,True
699,29,19,157,143,31,False
700,236,57,103,44,240,True
701,96,121,1,40,8,False
702,498,121,157,53,122,True
703,236,36,84,40,75,False
704,498,79,34,497,48,True
705,51,20,38,85,126,False
706,429,141,6,117,13,False
707,236,19,34,40,92,True
708,202,102,63,40,86,True
709,429,64,45,432,14,False
710,236,36,90,53,27,True
711,96,107,41,412,75,False
712,222,57,34,117,266,False
713,498,113,1,267,86,True
714,22,11,90,63,54,True
715,119,5,61,12,150,True
716,498,141,103,201,39,False
717,67,62,134,111,157,True
718,21,24,238,37,92,True
719,29,19,1,53,23,False
720,67,64,99,25,150,False
721,119,91,127,106,75,True
722,18,11,69,12,240,True
723,15,154,34,53,48,False
724,21,102,84,89,23,True
725,236,60,101,111,150,False
726,498,23,143,516,58,True
727,96,154,4,40,80,True
728,29,254,61,412,58,False
729,51,24,103,44,17,True
730,222,11,131,201,516,False
731,202,33,61,267,54,True
732,51,102,432,497,86,False
733,498,59,103,31,62,True
734,29,254,4,53,41,False
735,29,76,103,143,420,True
736,96,59,69,9,23,False
737,236,107,8,1,31,True
738,498,10,7,37,80,False
739,51,39,38,497,420,False
740,222,57,157,53,75,True
741,18,57,115,40,82,True
742,119,64,105,37,84,False
743,29,121,91,201,83,True
744,202,120,61,412,150,False
745,222,19,43,16,92,True
746,498,24,127,89,59,False
747,202,64,10,53,82,True
748,67,29,30,412,58,False
749,236,59,157,25,84,False
750,67,64,1,117,516,True
751,67,59,131,412,27,True
752,81,62,105,16,157,False
753,15,102,1,89,24,False
754,18,113,131,16,74,True
755,18,64,4,267,6,False
756,51,102,112,37,86,True
757,119,77,8,1,420,False
758,110,120,63,113,92,True
759,429,59,8,53,92,True
760,96,33,157,16,58,False
761,429,32,268,12,19,False
762,498,141,134,412,6,True
763,81,5,131,37,57,False
764,222,254,157,412,421,True
765,222,141,157,267,11,False
766,22,107,245,267,164,False
767,29,33,90,53,78,True
768,96,59,157,117,79,False
769,222,121,238,412,31,True
770,22,427,90,53,141,False
771,15,79,238,37,92,False
772,110,59,131,16,164,True
773,67,79,105,117,59,False
774,119,19,38,267,92,True
775,96,64,61,25,41,True
776,15,64,268,201,122,False
777,18,19,115,35,39,True
778,110,33,238,1,114,True
779,119,79,3,53,59,True
780,498,59,61,497,58,True
781,51,19,34,16,48,False
782,222,141,1,37,86,True
783,498,60,7,40,23,False
784,18,31,45,117,122,True
785,498,141,61,37,420,False
786,202,79,45,37,157,False
787,22,19,1,412,36,True
788,222,57,103,63,39,True
789,236,48,79,412,6,False
790,22,19,45,497,80,True
791,15,9,7,25,24,False
792,21,154,61,40,59,False
793,18,60,103,53,62,True
794,202,254,163,40,420,True
795,18,59,55,89,23,False
796,21,28,74,37,6,False
797,51,64,1,99,79,True
798,67,11,236,267,57,True
799,119,254,4,412,75,False
800,18,141,61,57,59,False
801,42,102,13,412,24,False
802,498,19,134,40,91,True
803,119,19,34,420,133,False
804,222,62,84,89,266,True
805,29,56,103,117,157,True
806,236,141,126,412,84,False
807,429,32,42,16,68,True
808,429,48,8,497,58,True
809,498,19,18,43,75,False
810,110,64,61,89,105,True
811,81,516,105,412,75,True
812,110,121,112,63,17,False
813,429,28,238,37,58,False
814,18,254,55,40,17,True
815,222,28,85,111,59,True
816,29,266,238,412,164,False
817,18,102,90,267,23,True
818,67,28,105,53,98,True
819,222,64,161,89,114,False
820,29,121,161,497,17,True
821,67,19,1,63,23,False
822,29,11,1,516,3,True
823,119,77,69,89,31,False
824,18,120,99,14,68,False
825,21,31,238,89,240,True
826,18,17,50,37,36,False
827,429,19,41,40,54,True
828,202,62,131,44,17,False
829,236,141,134,99,86,True
830,236,79,105,37,516,False
831,81,141,103,40,17,True
832,236,60,268,111,157,True
833,202,104,90,143,150,False
834,222,24,45,201,59,True
835,22,20,63,57,17,False
836,18,141,161,3,23,True
837,18,62,134,516,27,False
838,96,72,161,40,122,True
839,498,24,1,89,150,True
840,15,59,61,201,58,False
841,15,266,61,16,516,False
842,67,24,143,117,92,True
843,498,141,25,497,14,True
844,51,113,238,267,1,False
845,429,35,34,143,114,True
846,119,80,103,432,516,False
847,29,48,90,12,157,True
848,67,19,15,432,31,False
849,18,24,115,33,92,True
850,202,57,99,412,516,False
851,29,60,4,267,516,True
852,18,76,238,432,126,False
853,29,79,42,14,36,False
854,202,5,61,17,58,True
855,202,36,91,25,254,False
856,67,77,61,117,92,True
857,498,19,45,12,23,False
858,22,80,90,53,164,True
859,133,19,90,10,240,False
860,22,64,63,40,3,True
861,96,79,157,117,67,True
862,51,59,103,3,41,False
863,21,102,245,45,98,False
864,202,64,238,40,150,True
865,236,79,61,201,23,True
866,29,81,157,53,150,False
867,18,62,81,12,27,True
868,498,154,84,201,126,False
869,236,203,61,53,41,False
870,21,121,103,25,2,True
871,498,516,34,48,114,True
872,81,19,42,40,122,False
873,5,64,81,432,56,True
874,202,131,91,99,23,False
875,67,5,161,89,157,True
876,21,102,115,37,58,False
877,51,120,69,45,157,True
878,18,64,134,111,6,False
879,81,2,34,89,41,True
880,67,5,34,40,420,False
881,236,106,131,497,157,True
882,202,141,268,117,516,True
883,67,64,91,16,85,False
884,29,78,115,17,23,True
885,18,106,85,16,41,True
886,202,64,103,412,57,False
887,18,19,1,25,11,True
888,202,3,4,45,23,False
889,104,19,90,63,27,False
890,67,57,134,117,164,True
891,21,121,157,223,78,True
892,202,106,99,25,62,False
893,22,154,1,25,133,False
894,96,64,63,412,54,True
895,222,64,45,25,57,True
896,21,32,90,1,150,False
897,29,106,245,63,68,True
898,18,62,105,267,75,False
899,202,79,90,143,31,False
900,67,154,69,412,58,True
901,81,32,1,12,80,False
902,67,141,103,117,48,True
903,202,57,91,17,86,False
904,18,31,69,412,92,True
905,67,154,99,40,27,True
906,202,141,45,89,86,True
907,29,54,103,117,157,False
908,21,67,61,37,111,False
909,96,10,50,201,58,True
910,21,141,1,98,236,True
911,81,254,61,432,157,False
912,29,102,238,53,39,True
913,67,141,157,99,17,False
914,29,24,115,40,57,False
915,498,19,161,143,27,True
916,18,80,55,40,24,True
917,51,56,26,63,75,False
918,96,19,45,16,75,True
919,21,79,90,267,58,False
920,18,64,4,40,32,False
921,67,33,8,267,133,True
922,67,141,245,26,114,True
923,498,11,163,497,58,False
924,81,121,115,111,114,True
925,29,5,101,44,75,False
926,67,11,74,25,39,False
927,21,33,115,111,75,True
928,51,33,61,37,24,True
929,67,2,103,117,86,False
930,29,4,105,16,54,False
931,67,11,136,63,80,True
932,67,121,61,161,85,True
933,18,5,38,1,23,False
934,202,121,13,37,31,True
935,222,59,163,53,48,True
936,202,11,101,12,516,False
937,202,141,161,37,64,True
938,21,77,117,53,17,False
939,110,19,67,161,122,False
940,18,36,34,223,150,True
941,18,203,238,16,23,True
942,498,19,38,89,39,False
943,21,33,99,16,516,False
944,202,106,238,143,80,True
945,119,9,99,25,41,False
946,202,254,30,111,150,True
947,51,56,34,25,23,True
948,202,57,105,111,58,False
949,67,113,115,89,122,True
950,21,35,105,223,516,False
951,236,141,238,89,59,True
952,18,106,61,37,58,False
953,21,19,61,267,98,True
954,110,11,42,40,23,False
955,21,32,103,25,27,True
956,498,19,99,412,79,False
957,29,79,157,161,41,True
958,22,102,63,16,114,False
959,67,122,43,3,10,True
960,18,9,13,412,75,False
961,29,131,112,40,58,True
962,18,11,134,201,54,True
963,22,20,69,53,48,False
964,67,203,99,89,79,True
965,119,5,38,497,58,False
966,21,31,141,53,85,False
967,96,516,245,117,157,True
968,18,19,69,44,126,False
969,21,11,1,40,91,True
970,22,32,1,53,141,False
971,18,254,25,497,79,True
972,29,141,31,44,27,True
973,22,19,157,89,111,False
974,119,24,1,53,14,True
975,222,64,45,497,23,False
976,429,104,81,497,516,False
977,18,113,90,99,54,True
978,18,33,90,412,8,True
979,498,141,4,111,57,True
980,236,32,41,43,92,False
981,236,92,4,37,122,True
982,110,5,245,40,80,False
983,18,24,99,143,48,False
984,22,113,245,16,23,True
985,429,266,157,412,17,True
986,18,79,61,90,126,True
987,21,421,238,26,10,False
988,498,24,45,26,516,False
989,22,56,85,44,58,True
990,29,141,4,53,17,True
991,21,111,34,89,11,False
992,236,79,13,497,75,True
993,119,2,161,89,122,True
994,29,59,112,267,141,False
995,110,141,112,143,150,False
996,498,254,55,497,516,True
997,29,141,131,43,150,True
998,22,28,103,111,58,False
999,22,141,38,16,62,True
1000,15,57,238,14,24,False
1001,81,76,112,432,420,True
1002,67,121,163,16,92,False
1003,29,121,238,40,68,True
1004,202,131,157,53,75,False
1005,222,106,90,412,31,False
1006,67,48,115,40,82,True
1007,29,113,61,53,6,True
1008,18,64,99,497,126,False
1009,51,104,55,16,92,False
1010,110,19,13,43,150,True
1011,18,59,61,53,86,True
1012,67,60,34,16,516,False
1013,21,19,157,37,126,True
1014,18,57,81,267,420,True
1015,236,19,157,25,14,False
1016,18,19,45,16,150,False
1017,22,11,99,40,75,True
1018,119,35,25,267,75,False
1019,236,24,245,89,17,True
1020,202,113,157,79,114,False
1021,119,92,134,89,420,True
1022,67,79,86,412,35,False
1023,498,54,157,40,126,True
1024,18,154,61,40,58,False
1025,498,79,31,89,86,True
1026,236,19,61,497,58,False
1027,51,31,115,412,2,False
1028,22,2,131,89,58,True
1029,236,57,4,40,5,False
1030,236,28,103,98,14,True
1031,222,5,238,412,23,False
1032,18,33,103,44,86,True
1033,119,154,81,89,75,False
1034,51,104,90,201,58,False
1035,236,59,81,113,91,True
1036,222,29,1,89,114,False
1037,22,141,63,40,80,True
1038,15,56,90,40,59,False
1039,18,19,112,201,14,True
1040,81,23,99,90,17,False
1041,29,11,45,12,150,True
1042,119,104,4,16,17,False
1043,29,24,103,111,54,True
1044,202,421,4,16,98,True
1045,498,19,8,26,58,False
1046,51,59,3,25,92,True
1047,202,23,81,40,111,False
1048,18,254,103,267,39,True
1049,18,113,103,89,24,True
1050,222,121,131,111,1,False
1051,429,56,157,516,240,False
1052,67,254,84,432,39,True
1053,429,64,101,497,27,True
1054,29,59,161,143,126,False
1055,15,33,45,16,164,False
1056,202,5,61,40,23,True
1057,429,32,99,25,86,False
1058,81,79,38,497,50,True
1059,222,113,103,37,23,False
1060,202,59,45,16,54,True
1061,110,120,4,16,59,True
1062,236,141,99,267,78,False
1063,21,266,157,37,17,True
1064,236,77,238,267,92,False
1065,202,59,84,267,68,False
1066,29,19,74,63,75,True
1067,222,11,4,111,6,True
1068,51,141,1,98,75,False
1069,222,64,105,201,31,False
1070,18,11,238,63,122,True
1071,202,254,245,412,27,True
1072,236,141,61,37,23,False
1073,21,32,45,99,78,False
1074,81,62,63,1,150,True
1075,18,131,38,111,516,True
1076,15,102,13,89,122,False
1077,18,154,61,412,122,True
1078,236,32,91,43,80,False
1079,67,120,99,267,114,True
1080,236,11,7,53,92,False
1081,96,19,42,201,57,True
1082,222,28,245,40,114,False
1083,222,64,55,412,59,True
1084,29,33,238,98,17,False
1085,96,516,61,412,57,False
1086,236,64,245,40,31,True
1087,110,64,4,412,150,True
1088,67,427,1,37,57,False
1089,29,14,99,37,122,True
1090,236,33,161,25,58,False
1091,15,254,81,111,57,True
1092,22,59,103,53,23,False
1093,119,11,163,45,86,True
1094,21,35,131,99,41,False
1095,81,64,4,40,126,True
1096,236,113,163,201,30,False
1097,429,60,61,53,157,True
1098,202,64,69,27,141,True
1099,15,106,63,89,57,False
1100,51,5,7,53,75,True
1101,51,19,7,26,57,True
1102,222,113,238,16,92,False
1103,18,421,134,40,57,True
1104,15,24,268,412,240,False
1105,51,33,4,37,92,False
1106,222,20,101,201,8,True
1107,29,57,164,16,4,False
1108,119,32,41,40,516,True
1109,15,60,238,111,78,False
1110,67,48,238,40,82,False
1111,29,141,157,412,245,True
1112,81,254,30,16,8,True
1113,222,32,45,497,5,False
1114,29,254,163,57,157,False
1115,67,19,30,53,114,True
1116,110,421,157,16,84,True
1117,202,19,238,117,68,False
1118,29,111,245,37,59,True
1119,202,11,103,99,126,False
1120,22,11,112,99,3,True
1121,67,19,157,43,39,False
1122,67,79,238,412,240,True
1123,15,35,99,37,23,False
1124,51,141,38,53,27,True
1125,18,32,34,37,58,False
1126,22,5,61,40,2,True
1127,18,76,105,89,58,False
1128,29,28,63,89,31,True
1129,119,57,103,412,5,False
1130,222,121,157,16,58,True
1131,236,516,105,117,62,False
1132,29,79,7,412,54,True
1133,202,131,141,201,17,False
1134,110,141,99,98,157,False
1135,29,24,55,497,58,True
1136,222,102,84,40,83,False
1137,110,11,103,99,114,True
1138,18,33,3,63,75,True
1139,22,64,157,37,86,False
1140,67,113,161,516,92,True
1141,222,31,7,497,122,False
1142,22,5,99,412,17,True
1143,222,105,50,16,58,False
1144,18,421,99,17,24,True
1145,18,57,61,40,122,False
1146,21,113,42,117,24,True
1147,21,131,236,25,6,True
1148,119,79,245,111,516,False
1149,96,62,4,12,75,True
1150,498,141,112,89,27,False
1151,18,80,127,412,78,False
1152,236,64,3,44,91,True
1153,81,59,99,40,23,True
1154,236,24,38,201,516,False
1155,21,121,34,89,92,True
1156,202,141,236,412,19,False
1157,96,5,69,78,31,True
1158,222,11,45,99,17,False
1159,222,121,38,40,48,True
1160,18,57,103,267,58,False
1161,222,79,245,40,92,False
1162,29,59,238,63,78,True
1163,202,60,38,25,150,False
1164,498,33,238,412,30,True
1165,15,19,238,37,74,False
1166,429,36,268,53,23,False
1167,222,141,38,40,80,True
1168,18,60,38,201,75,True
1169,498,79,85,267,17,False
1170,81,32,245,62,59,False
1171,222,121,91,117,23,True
1172,18,131,10,14,31,False
1173,236,77,45,412,23,True
1174,21,59,8,26,2,False
1175,236,141,99,53,157,True
1176,67,102,157,12,8,True
1177,15,104,69,412,39,False
1178,222,32,238,12,157,True
1179,81,141,115,45,23,False
1180,67,11,61,117,59,True
1181,236,60,238,16,122,False
1182,21,32,238,267,58,False
1183,18,254,1,37,86,True
1184,22,113,245,53,39,False
1185,81,23,45,26,98,True
1186,96,121,55,78,17,True
1187,22,141,90,412,122,False
1188,18,24,61,117,78,True
1189,498,104,103,16,6,False
1190,22,19,103,99,92,False
1191,18,113,91,98,240,True
1192,29,19,22,12,150,False
1193,67,20,101,44,23,True
1194,119,56,131,44,516,False
1195,21,32,105,432,23,True
1196,222,141,103,40,150,True
1197,81,79,4,12,68,False
1198,22,35,1,99,31,True
1199,222,106,103,53,80,False
1200,18,33,55,161,91,True
1201,119,266,31,40,17,False
1202,222,23,238,117,57,True
1203,67,33,136,40,58,False
1204,96,141,134,117,516,True
1205,18,32,45,40,150,False
1206,21,60,245,412,14,True
1207,498,106,105,37,2,True
1208,67,57,69,89,150,False
1209,18,102,4,44,48,False
1210,498,120,268,53,74,True
1211,119,59,105,267,157,False
1212,202,121,90,12,150,True
1213,29,141,238,9,45,False
1214,22,24,103,53,92,True
1215,67,11,34,89,122,False
1216,498,154,238,497,6,False
1217,22,60,101,117,92,True
1218,21,245,91,412,133,False
1219,18,33,105,12,98,True
1220,67,33,112,16,92,True
1221,51,102,157,40,98,False
1222,236,5,1,37,31,False
1223,51,113,131,267,5,True
1224,81,79,157,201,74,False
1225,18,427,90,44,82,True
1226,67,31,157,40,59,False
1227,29,19,55,40,92,True
1228,498,59,91,16,516,False
1229,202,141,91,16,85,True
1230,18,28,42,117,54,False
1231,22,24,245,50,23,True
1232,18,19,131,76,75,False
1233,22,31,103,40,157,True
1234,15,25,238,117,122,False
1235,22,35,34,412,58,True
1236,21,131,1,412,75,False
1237,498,104,238,53,85,True
1238,96,19,157,53,83,True
1239,236,32,91,25,516,False
1240,29,121,90,412,58,True
1241,67,141,8,201,86,False
1242,29,79,103,412,62,True
1243,18,57,99,432,141,True
1244,222,59,38,201,75,False
1245,236,77,61,25,92,False
1246,110,3,157,89,41,True
1247,21,59,69,201,39,False
1248,18,121,103,12,236,True
1249,29,24,8,37,50,True
1250,67,11,134,267,122,False
1251,18,64,90,223,157,False
1252,498,59,55,16,31,True
1253,22,75,134,37,86,False
1254,236,141,99,40,107,False
1255,18,121,1,143,58,True
1256,67,24,63,37,82,False
1257,202,64,238,53,31,True
1258,96,141,238,117,498,True
1259,222,5,103,37,27,False
1260,18,19,3,497,59,True
1261,222,141,45,9,23,True
1262,236,254,99,412,150,False
1263,429,33,245,89,57,True
1264,67,24,245,12,17,False
1265,51,5,63,43,122,True
1266,18,59,115,53,266,True
1267,21,24,4,267,516,False
1268,51,141,103,267,420,False
1269,67,154,7,497,57,True
1270,81,106,38,16,75,True
1271,15,421,99,12,126,False
1272,22,11,61,53,24,True
1273,67,77,45,63,17,False
1274,202,5,238,26,79,True
1275,18,19,157,25,85,False
1276,202,35,105,412,92,False
1277,222,121,38,497,53,True
1278,18,117,58,53,55,True
1279,51,32,157,412,92,False
1280,18,33,99,201,10,False
1281,67,32,103,43,48,True
1282,236,141,157,99,54,False
1283,96,64,63,412,92,True
1284,110,62,61,16,68,False
1285,18,141,8,40,75,True
1286,67,516,63,53,164,False
1287,29,5,63,43,17,True
1288,67,11,63,412,17,True
1289,222,33,61,497,54,False
1290,236,421,157,9,98,True
1291,202,133,238,45,39,True
1292,498,20,157,25,24,False
1293,222,64,55,412,17,False
1294,67,102,101,267,24,False
1295,18,59,103,412,92,True
1296,498,104,55,12,17,False
1297,236,33,238,40,74,True
1298,498,11,134,497,54,False
1299,67,421,103,16,92,True
1300,67,11,3,16,85,False
1301,236,254,84,37,50,True
1302,22,78,4,44,75,True
1303,51,60,236,79,31,False
1304,18,23,85,37,86,False
1305,22,33,55,40,516,True
1306,29,19,38,16,86,True
1307,222,35,99,106,17,False
1308,29,64,157,53,150,False
1309,81,28,141,89,59,True
1310,18,79,103,516,78,True
1311,67,64,4,44,92,True
1312,119,76,112,90,36,False
1313,67,29,7,16,75,False
1314,202,32,81,25,91,True
1315,222,57,136,40,75,True
1316,51,64,1,53,80,False
1317,96,106,245,10,39,False
1318,21,102,105,44,157,True
1319,15,104,161,16,420,True
1320,81,28,99,12,150,False
1321,202,254,69,432,150,True
1322,67,516,99,53,17,False
1323,51,19,101,516,86,True
1324,29,59,238,40,84,False
1325,21,60,105,143,6,True
1326,29,5,105,25,86,True
1327,67,113,157,111,98,False
1328,18,24,90,161,38,True
1329,18,141,8,40,41,False
1330,222,48,112,44,62,True
1331,18,141,238,412,57,True
1332,29,113,4,117,92,False
1333,498,203,103,497,126,False
1334,21,121,26,16,83,True
1335,202,141,157,117,131,False
1336,18,57,42,497,23,True
1337,498,35,163,267,58,False
1338,110,9,61,99,150,False
1339,15,33,38,40,122,True
1340,222,32,90,89,58,False
1341,67,203,69,40,41,True
1342,29,31,238,53,240,True
1343,29,36,245,201,90,True
1344,222,32,115,53,83,False
1345,67,31,99,89,98,True
1346,236,80,34,37,48,False
1347,202,11,84,53,98,True
1348,15,79,13,267,31,False
1349,51,59,245,267,75,True
1350,18,141,1,412,92,False
1351,119,154,34,80,133,True
1352,29,238,63,53,23,False
1353,18,141,245,412,122,False
1354,222,11,34,117,86,False
1355,21,154,91,74,59,True
1356,236,57,112,40,54,False
1357,67,120,115,267,24,True
1358,67,5,105,412,420,True
1359,81,19,99,12,122,False
1360,498,11,131,53,58,True
1361,222,19,74,412,157,False
1362,498,11,112,497,17,False
1363,29,59,157,267,31,True
1364,236,78,7,497,41,False
1365,67,154,115,53,104,True
1366,222,48,127,53,84,False
1367,21,57,62,37,17,True
1368,81,79,91,223,57,True
1369,110,62,131,412,58,False
1370,67,421,238,63,58,False
1371,236,11,55,44,157,True
1372,21,23,245,43,74,False
1373,429,131,236,78,48,False
1374,498,79,25,497,24,True
1375,133,79,161,26,98,True
1376,21,121,268,25,24,False
1377,498,79,61,16,82,False
1378,18,64,91,43,122,True
1379,429,120,161,45,90,True
1380,67,5,99,25,39,False
1381,110,11,238,143,31,False
1382,236,19,157,63,85,True
1383,498,154,63,497,75,True
1384,18,59,3,412,141,False
1385,18,64,126,12,39,False
1386,22,120,112,37,98,False
1387,498,113,238,412,150,True
1388,202,64,7,37,420,True
1389,498,254,103,20,41,False
1390,429,28,90,89,17,False
1391,498,254,38,412,31,True
1392,15,154,164,99,31,True
1393,429,32,238,89,85,False
1394,15,35,161,78,2,False
1395,18,11,38,40,92,True
1396,67,31,90,111,106,True
1397,29,121,238,12,59,False
1398,498,2,131,16,516,False
1399,67,106,91,161,122,True
1400,22,19,134,12,23,True
1401,67,64,4,267,17,False
1402,21,254,43,37,150,True
1403,110,86,45,40,50,False
1404,67,56,63,99,82,False
1405,51,19,1,412,80,True
1406,67,141,4,12,24,False
1407,498,79,34,40,41,True
1408,18,5,134,37,420,True
1409,202,203,112,53,14,False
1410,18,120,131,53,92,False
1411,21,20,105,1,57,True
1412,236,9,30,89,75,True
1413,119,11,8,412,122,False
1414,29,59,61,497,86,False
1415,18,33,238,117,85,True
1416,29,36,245,497,75,True
1417,67,19,45,78,122,False
1418,67,31,8,44,98,True
1419,81,19,38,37,150,False
1420,67,24,84,497,5,False
1421,29,59,74,17,80,True
1422,236,23,238,53,86,False
1423,429,19,99,40,59,False
1424,202,35,157,117,80,True
1425,15,254,103,43,48,False
1426,96,62,84,16,24,True
1427,429,20,157,201,122,False
1428,202,28,45,43,92,True
1429,67,141,99,412,122,True
1430,119,32,75,57,86,False
1431,96,120,1,40,39,True
1432,18,11,236,25,54,False
1433,67,254,238,40,82,True
1434,498,121,61,63,240,False
1435,429,64,90,412,80,False
1436,29,59,245,16,114,True
1437,96,107,103,89,68,True
1438,236,19,21,53,98,False
1439,222,421,4,12,150,False
1440,18,59,134,43,98,True
1441,18,121,30,40,39,False
1442,202,141,161,412,23,True
1443,119,11,55,412,157,False
1444,51,421,61,40,74,True
1445,236,57,238,40,245,True
1446,202,141,25,267,240,False
1447,110,11,127,412,59,True
1448,81,141,55,497,54,False
1449,236,104,245,1,157,True
1450,21,57,74,14,516,False
1451,18,33,82,40,126,False
1452,29,121,245,37,62,True
1453,222,11,134,111,68,True
1454,22,19,91,89,6,False
1455,21,254,31,99,6,False
1456,67,33,91,40,50,True
1457,236,113,103,44,84,False
1458,67,32,45,161,31,True
1459,18,106,105,37,150,False
1460,18,62,112,267,150,True
1461,119,11,236,44,111,False
1462,498,33,105,497,24,True
1463,67,11,112,111,19,False
1464,81,121,236,412,74,True
1465,498,54,61,412,62,True
1466,29,36,3,267,157,False
1467,236,19,55,106,122,True
1468,236,57,103,106,114,False
1469,18,77,91,1,157,True
1470,22,33,134,44,75,True
1471,81,113,103,99,2,False
1472,21,77,126,412,92,False
1473,429,141,45,61,58,True
1474,498,62,90,37,133,False
1475,18,76,55,143,126,True
1476,202,11,13,37,141,False
1477,29,104,63,57,62,True
1478,81,9,157,25,62,False
1479,222,64,103,21,114,True
1480,29,31,45,16,122,True
1481,15,19,7,37,23,False
1482,67,24,238,201,86,True
1483,15,59,99,111,420,False
1484,51,56,69,12,92,False
1485,115,33,157,432,41,True
1486,222,48,69,117,157,False
1487,21,113,45,44,27,True
1488,18,24,84,201,62,False
1489,15,32,25,37,39,True
1490,498,121,45,44,75,True
1491,202,141,43,89,126,False
1492,67,24,99,35,75,False
1493,22,31,157,412,11,True
1494,51,141,245,161,86,False
1495,21,32,115,412,11,True
1496,29,104,4,412,75,True
1497,18,11,103,40,516,False
1498,18,5,99,40,80,False
1499,202,79,103,111,126,True
1500,236,60,84,37,50,True
1501,110,421,61,497,58,False
1502,236,28,38,12,122,True
1503,29,64,134,1,78,False
1504,498,92,4,43,80,True
1505,22,141,157,117,57,False
1506,18,254,143,267,86,True
1507,119,64,34,16,23,False
1508,119,32,245,267,266,True
1509,81,59,157,412,516,True
1510,222,113,115,53,150,False
1511,110,141,134,40,62,True
1512,67,19,4,53,58,False
1513,29,141,134,12,86,False
1514,119,11,26,16,57,True
1515,222,107,69,412,54,True
1516,29,64,1,53,266,False
1517,29,23,61,40,83,False
1518,119,245,69,117,420,True
1519,51,24,134,53,50,False
1520,21,2,25,267,59,True
1521,96,64,61,44,41,False
1522,222,28,131,40,157,True
1523,29,19,112,26,2,True
1524,67,427,61,412,17,False
1525,51,84,8,432,150,True
1526,498,64,105,79,59,False
1527,29,5,2,78,75,True
1528,96,60,157,16,23,False
1529,236,33,38,89,126,True
1530,110,35,91,99,17,False
1531,22,102,117,53,68,False
1532,67,32,38,143,77,True
1533,222,79,41,37,75,True
1534,22,54,1,412,157,False
1535,22,102,4,111,17,True
1536,29,59,61,40,14,False
1537,222,11,42,412,23,False
1538,18,24,61,201,27,True
1539,18,9,1,117,516,True
1540,29,141,157,43,98,False
1541,18,31,134,44,24,True
1542,222,131,34,53,23,True
1543,21,31,84,267,24,False
1544,96,57,238,89,75,True
1545,498,62,157,143,10,False
1546,18,121,236,25,122,True
1547,133,19,99,40,8,False
1548,67,60,1,412,41,False
1549,96,98,103,25,420,True
1550,222,254,157,223,75,False
1551,22,121,238,53,17,True
1552,18,102,90,267,157,False
1553,202,141,245,117,27,True
1554,67,35,238,117,122,False
1555,119,36,99,412,516,True
1556,22,141,238,161,516,False
1557,498,33,61,25,58,True
1558,15,57,157,37,83,True
1559,67,59,8,43,24,False
1560,133,102,134,267,62,True
1561,51,33,163,16,126,False
1562,236,141,17,117,6,False
1563,29,64,134,201,24,True
1564,498,113,115,16,83,True
1565,96,102,61,40,92,False
1566,29,141,103,412,223,False
1567,236,5,103,53,68,True
1568,222,35,101,53,17,False
1569,18,39,1,432,126,False
1570,29,31,161,412,163,False
1571,18,98,99,40,150,True
1572,119,154,105,143,23,True
1573,22,89,1,99,54,False
1574,222,421,1,25,24,False
1575,18,80,61,89,54,True
1576,18,141,61,63,23,True
1577,222,79,236,37,21,False
1578,119,33,4,412,59,False
1579,236,254,34,40,11,True
1580,67,201,61,48,23,False
1581,110,32,45,117,122,True
1582,29,11,238,201,245,False
1583,222,33,92,412,62,True
1584,202,24,50,40,122,True
1585,222,113,74,161,59,False
1586,29,19,1,43,157,True
1587,222,80,45,53,164,False
1588,222,131,81,40,420,False
1589,29,203,7,14,86,True
1590,110,421,61,412,75,False
1591,15,113,236,44,84,True
1592,67,19,245,16,85,True
1593,18,79,103,412,80,False
1594,51,113,8,53,266,True
1595,15,19,112,412,41,False
1596,29,141,105,37,516,False
1597,202,104,25,412,122,True
1598,119,5,61,40,48,False
1599,236,113,84,1,54,True
1600,67,121,238,40,41,False
1601,498,59,61,53,24,True
1602,29,32,105,432,43,False
1603,81,59,55,516,58,True
1604,222,120,90,89,48,False
1605,18,59,134,16,50,True
1606,21,33,13,37,24,True
1607,18,35,61,223,157,False
1608,110,32,268,497,30,False
1609,222,113,134,40,57,True
1610,110,11,61,497,113,True
1611,202,5,63,143,98,False
1612,202,102,99,117,10,False
1613,18,254,69,201,92,True
1614,29,245,7,63,58,False
1615,202,102,4,25,56,True
1616,119,19,127,40,23,True
1617,15,56,61,14,516,False
1618,18,11,38,201,122,False
1619,498,56,45,40,92,True
1620,222,111,99,16,86,True
1621,29,19,163,37,114,False
1622,429,11,90,34,27,True
1623,22,19,84,201,96,False
1624,119,421,63,99,122,True
1625,222,86,126,74,45,False
1626,498,11,55,412,17,True
1627,498,59,115,40,3,True
1628,29,79,91,45,27,True
1629,498,113,238,117,150,False
1630,96,54,131,16,23,False
1631,18,11,25,40,86,True
1632,222,141,1,12,92,False
1633,429,76,41,143,240,False
1634,222,79,1,99,23,True
1635,29,48,134,267,27,False
1636,498,19,55,117,92,True
1637,67,121,157,40,516,False
1638,119,113,1,267,122,True
1639,81,141,4,37,86,False
1640,18,5,104,117,245,True
1641,29,33,103,267,98,True
1642,18,141,61,497,58,False
1643,222,64,1,40,59,True
1644,96,32,157,16,50,False
1645,119,120,157,25,114,False
1646,133,141,7,40,41,True
1647,202,5,245,267,83,True
1648,67,11,99,412,10,True
1649,15,106,245,89,126,False
1650,119,421,84,497,17,False
1651,67,120,38,26,98,False
1652,18,19,45,16,75,True
1653,110,102,41,412,245,False
1654,22,427,112,43,157,False
1655,18,59,99,117,92,True
1656,18,59,1,161,48,True
1657,498,141,39,412,57,False
1658,21,141,157,89,6,True
1659,21,64,4,53,98,True
1660,29,32,90,54,114,False
1661,202,24,161,53,98,True
1662,81,23,99,412,68,False
1663,51,23,4,412,54,True
1664,29,154,236,223,92,False
1665,21,120,268,37,122,False
1666,29,141,103,497,92,True
1667,18,120,91,53,59,False
1668,67,79,74,40,57,True
1669,498,254,63,16,114,True
1670,18,86,131,117,8,False
1671,15,11,7,40,41,True
1672,29,64,90,117,59,False
1673,222,102,126,9,14,True
1674,18,79,236,43,58,False
1675,202,254,134,161,86,False
1676,110,113,238,497,114,True
1677,22,11,61,412,48,True
1678,67,64,45,12,50,False
1679,498,28,25,497,24,False
1680,29,19,91,1,80,True
1681,18,79,63,117,126,False
1682,119,113,99,223,5,True
1683,202,24,245,25,240,True
1684,6,113,238,432,83,False
1685,222,120,127,25,240,False
1686,18,102,1,37,58,True
1687,51,5,163,37,114,False
1688,21,19,45,89,82,True
1689,18,141,61,53,58,True
1690,81,33,1,16,75,False
1691,236,64,133,43,127,False
1692,498,113,134,37,107,True
1693,22,56,245,12,126,False
1694,81,79,45,9,41,True
1695,236,5,25,40,59,True
1696,42,254,238,113,79,False
1697,119,64,38,412,133,True
1698,498,33,103,53,82,False
1699,110,23,61,54,75,True
1700,236,32,74,40,164,False
1701,18,120,69,62,86,True
1702,51,141,103,40,68,False
1703,29,32,61,497,106,False
1704,21,59,99,432,31,True
1705,51,5,103,89,57,True
1706,18,120,163,432,111,False
1707,81,9,90,201,86,False
1708,11,59,63,16,150,False
1709,222,79,112,267,50,True
1710,18,98,61,53,122,True
1711,81,120,42,25,84,False
1712,222,33,157,44,91,False
1713,202,59,34,143,23,True
1714,29,113,115,412,19,False
1715,18,104,26,44,98,True
1716,429,102,4,63,92,True
1717,498,120,45,497,98,False
1718,18,5,84,74,86,True
1719,51,107,157,497,31,False
1720,51,120,8,143,150,False
1721,119,79,25,40,27,True
1722,202,106,245,89,150,False
1723,110,32,157,40,122,True
1724,51,56,55,40,86,True
1725,15,33,4,53,39,True
1726,119,76,81,412,141,False
1727,18,19,61,40,98,True
1728,110,33,157,267,75,False
1729,18,19,157,98,17,False
1730,236,24,11,497,245,True
1731,18,31,236,16,59,True
1732,29,11,61,43,122,False
1733,202,24,238,412,13,True
1734,18,60,516,12,157,False
1735,67,64,1,412,78,True
1736,51,11,45,37,126,False
1737,222,79,134,44,157,False
1738,22,254,90,16,223,True
1739,22,10,61,432,122,False
1740,29,64,131,201,92,True
1741,15,154,112,40,59,False
1742,115,104,157,53,24,True
1743,29,19,238,40,8,False
1744,21,11,103,412,10,True
1745,119,141,4,16,59,True
1746,15,121,50,40,75,False
